id,revenue
1,12314651.0
2,95149435.0
3,13092000.0
4,16000000.0
5,3923970.0
6,3261638.0
7,85446075.0
8,2586511.0
9,34327391.0
10,18750246.0
11,117235147.0
12,22642033.0
13,356296601.0
14,95226116.0
15,358372926.0
16,198.0
17,57891803.0
18,1234254.0
19,1749457.0
20,85167639.0
21,136159423.0
22,36690067.0
23,100345.0
24,17011.0
25,4947717.0
26,8403433.0
27,13835130.0
28,7847000.0
29,5849647.0
30,94935764.0
31,426480871.0
32,36000000.0
33,146936910.0
34,7171.0
35,258022233.0
36,40346186.0
37,151559.0
38,189859560.0
39,92100.0
40,14873.0
41,163000.0
42,16217773.0
43,24362772.0
44,1020921.0
45,47175038.0
46,4300000.0
47,660940780.0
48,155760117.0
49,653951.0
50,120000000.0
51,1500000.0
52,25333333.0
53,11000000.0
54,17514553.0
55,46069568.0
56,36448200.0
57,1056938.0
58,238207122.0
59,119563.0
60,25482931.0
61,599045960.0
62,14400000.0
63,25232289.0
64,14000000.0
65,17654912.0
66,11806119.0
67,204940.0
68,154120.0
69,13129846.0
70,158468292.0
71,21126225.0
72,16756372.0
73,8266343.0
74,17393.0
75,2300000.0
76,24922237.0
77,500000.0
78,39846344.0
79,35610100.0
80,779820.0
81,9237470.0
82,11588205.0
83,91974818.0
84,40400657.0
85,13101672.0
86,152022101.0
87,106260000.0
88,32392047.0
89,13162475.0
90,140081992.0
91,180949000.0
92,215339.0
93,15000000.0
94,2724474.0
95,20117339.0
96,14353.0
97,3358.0
98,73000.0
99,23000000.0
100,46616067.0
101,9229401.0
102,313542341.0
103,14961069.0
104,5310554.0
105,149521495.0
106,16505460.0
107,15134293.0
108,210000000.0
109,18535191.0
110,34562222.0
111,67631903.0
112,22034832.0
113,93820758.0
114,51684798.0
115,871368364.0
116,41604473.0
117,311.0
118,253625427.0
119,1796389.0
120,18814720.0
121,347325802.0
122,448000000.0
123,5585154.0
124,91036760.0
125,60722734.0
126,7400000.0
127,15500000.0
128,12008642.0
129,46201432.0
130,5731103.0
131,9800000.0
132,5206.0
133,2452566.0
134,211780824.0
135,33000000.0
136,300000.0
137,120680.0
138,4350774.0
139,3065860.0
140,407711549.0
141,14000000.0
142,31466789.0
143,615816.0
144,382174.0
145,11000000.0
146,9188.0
147,19510371.0
148,86758912.0
149,147214049.0
150,432274.0
151,18.0
152,16905.0
153,241.0
154,52425855.0
155,5091888.0
156,109862682.0
157,8262833.0
158,447784.0
159,19412993.0
160,18552460.0
161,113783.0
162,12277096.0
163,3200000.0
164,17096053.0
165,62771059.0
166,25000.0
167,1723872.0
168,144216468.0
169,41833347.0
170,24600832.0
171,55600000.0
172,2585639.0
173,12000000.0
174,2807854.0
175,29007412.0
176,207283925.0
177,14828081.0
178,532654.0
179,125212904.0
180,156167015.0
181,31148328.0
182,20957001.0
183,21830957.0
184,17555141.0
185,237681299.0
186,161001698.0
187,3833507.0
188,921000.0
189,521311860.0
190,16337881.0
191,16675000.0
192,79700000.0
193,37915971.0
194,13168027.0
195,744816.0
196,115605.0
197,136203.0
198,77920346.0
199,12372410.0
200,19054534.0
201,144000000.0
202,3916303.0
203,110000000.0
204,527068851.0
205,10000000.0
206,2801508.0
207,1543112.0
208,66000000.0
209,4352094.0
210,108103450.0
211,26570463.0
212,470654000.0
213,3418141.0
214,31000000.0
215,1969193.0
216,173965010.0
217,83061158.0
218,85300000.0
219,5010362.0
220,3166000.0
221,10652498.0
222,754935.0
223,31649.0
224,352927224.0
225,500.0
226,6585516.0
227,28931401.0
228,26096852.0
229,638641.0
230,2474000.0
231,72178895.0
232,1001437.0
233,2225098.0
234,206728.0
235,8574339.0
236,27297451.0
237,5600000.0
238,1622164.0
239,505000000.0
240,57588485.0
241,5790448.0
242,18662027.0
243,80768.0
244,17519169.0
245,43885000.0
246,18755936.0
247,351583407.0
248,92180910.0
249,147080413.0
250,14560084.0
251,42700000.0
252,10017322.0
253,5001655.0
254,30292.0
255,34659.0
256,7800000.0
257,203427584.0
258,9000000.0
259,2287714.0
260,140021.0
261,187349.0
262,87528173.0
263,17636261.0
264,14000.0
265,143597.0
266,13060843.0
267,56255142.0
268,3151130.0
269,23937870.0
270,20.0
271,72417394.0
272,162966177.0
273,46044400.0
274,83761844.0
275,250821495.0
276,602042.0
277,14000000.0
278,164000000.0
279,23020.0
280,217764291.0
281,10.0
282,66486080.0
283,12902790.0
284,23550000.0
285,48126384.0
286,1614266.0
287,276921998.0
288,6841570.0
289,23510601.0
290,11373501.0
291,254700832.0
292,5367030.0
293,163442937.0
294,310724.0
295,653428261.0
296,5873871.0
297,52322400.0
298,56489558.0
299,9563393.0
300,26055.0
301,48572000.0
302,2850000.0
303,2945242.0
304,22886222.0
305,6193901.0
306,193772504.0
307,100086793.0
308,22678555.0
309,21800302.0
310,110230332.0
311,8459458.0
312,12250.0
313,12.0
314,6297.0
315,350170057.0
316,113020255.0
317,118338361.0
318,286140700.0
319,27793200.0
320,68706993.0
321,750000.0
322,183018522.0
323,532950503.0
324,161626121.0
325,5669831.0
326,294456605.0
327,116400000.0
328,60965854.0
329,20529194.0
330,384335608.0
331,5588800.0
332,5837674.0
333,346592.0
334,3225000.0
335,3.0
336,38307627.0
337,117698894.0
338,9833553.0
339,27610873.0
340,2200000.0
341,1289998.0
342,60527873.0
343,152810.0
344,88000.0
345,50549107.0
346,14681192.0
347,87416021.0
348,1.0
349,3301446.0
350,3515061.0
351,121790373.0
352,116019547.0
353,9500000.0
354,10229331.0
355,10089373.0
356,393970.0
357,119269486.0
358,788241776.0
359,14567883.0
360,93525586.0
361,3162153.0
362,9700000.0
363,5249225.0
364,25762027.0
365,60289912.0
366,424760.0
367,101332962.0
368,1644060.0
369,3351735.0
370,64110728.0
371,1192322.0
372,4100000.0
373,91753202.0
374,10609321.0
375,17000000.0
376,17374595.0
377,100491683.0
378,5080409.0
379,19478106.0
380,830129.0
381,170877916.0
382,62172050.0
383,2000000.0
384,68929150.0
385,100230832.0
386,229736344.0
387,12000.0
388,1345903.0
389,2128186.0
390,195745823.0
391,10703234.0
392,9868942.0
393,126463.0
394,129832389.0
395,72179579.0
396,900689.0
397,32230907.0
398,1919653.0
399,75505856.0
400,7820688.0
401,58405313.0
402,6000000.0
403,8251.0
404,1469.0
405,8143225.0
406,125586134.0
407,14110589.0
408,6682098.0
409,40485039.0
410,4104962.0
411,183316455.0
412,148336445.0
413,97594140.0
414,966214.0
415,179379533.0
416,149705852.0
417,69932387.0
418,373530.0
419,4601043.0
420,5000000.0
421,151119219.0
422,40996665.0
423,296557.0
424,29657751.0
425,706000.0
426,641100.0
427,18197398.0
428,2012927.0
429,1258000.0
430,109676311.0
431,3400278.0
432,96060858.0
433,109130.0
434,147845033.0
435,11130889.0
436,300859.0
437,70918.0
438,160583018.0
439,50888000.0
440,285930.0
441,337580051.0
442,1986615.0
443,832735.0
444,4300000.0
445,47748.0
446,343786.0
447,875386.0
448,254134910.0
449,315156409.0
450,5989640.0
451,12.0
452,1787926.0
453,1009620.0
454,12534961.0
455,3790493.0
456,4910682.0
457,6000000.0
458,340147.0
459,88923251.0
460,25405445.0
461,203781.0
462,147880543.0
463,171120329.0
464,126297830.0
465,15369573.0
466,18782400.0
467,270000000.0
468,13620075.0
469,318982.0
470,115103979.0
471,1672730.0
472,459270619.0
473,174999005.0
474,23000.0
475,6500000.0
476,1612100.0
477,6375979.0
478,4267218.0
479,22165608.0
480,16589540.0
481,1300000.0
482,9400000.0
483,35743308.0
484,187674.0
485,3335984.0
486,15478800.0
487,186883563.0
488,3468423.0
489,108782847.0
490,609524.0
491,1725381.0
492,63215872.0
493,66351.0
494,37803872.0
495,7306.0
496,11838218.0
497,3600000.0
498,44065653.0
499,25.0
500,473226958.0
501,741766.0
502,52034889.0
503,316472.0
504,13071518.0
505,11750000.0
506,10759.0
507,6673422.0
508,102367405.0
509,3221152.0
510,13865435.0
511,9600000.0
512,194647323.0
513,2500000.0
514,101646581.0
515,53447.0
516,21133087.0
517,6000000.0
518,123726688.0
519,820580447.0
520,28258060.0
521,18195610.0
522,365522.0
523,28883511.0
524,122700000.0
525,8500000.0
526,25345000.0
527,17425000.0
528,41819064.0
529,60000000.0
530,38159905.0
531,36000000.0
532,226286.0
533,9697739.0
534,126248813.0
535,46474.0
536,9323833.0
537,19184015.0
538,335062621.0
539,474171806.0
540,621951.0
541,128388320.0
542,7993039.0
543,40002112.0
544,926287400.0
545,20000000.0
546,7000000.0
547,105834556.0
548,16324573.0
549,81705746.0
550,238073.0
551,97837138.0
552,104399548.0
553,141591324.0
554,11081586.0
555,95789342.0
556,600000.0
557,4878242.0
558,22456509.0
559,46152411.0
560,37799643.0
561,16136.0
562,1600000.0
563,196482882.0
564,36606743.0
565,930349.0
566,81010.0
567,7900000.0
568,36893721.0
569,17768012.0
570,3900000.0
571,82719885.0
572,16829545.0
573,74901339.0
574,10013424.0
575,211952420.0
576,20710451.0
577,48878502.0
578,7800000.0
579,12434778.0
580,88.0
581,8033397.0
582,461162.0
583,4001121.0
584,25836616.0
585,1083282.0
586,310000000.0
587,4400000.0
588,312242626.0
589,5000000.0
590,5684789.0
591,9016377.0
592,234748.0
593,44703995.0
594,11176469.0
595,32648673.0
596,214000.0
597,21028755.0
598,100523181.0
599,1151330.0
600,42930462.0
601,356830601.0
602,60273173.0
603,117487473.0
604,53478166.0
605,26414658.0
606,11000000.0
607,228984.0
608,429766.0
609,31576.0
610,273644.0
611,3769990.0
612,1983204.0
613,8203235.0
614,16980098.0
615,28900000.0
616,1107542.0
617,170000.0
618,117270765.0
619,27092880.0
620,4971340.0
621,177841558.0
622,837000.0
623,4073489.0
624,137298489.0
625,84772742.0
626,146900000.0
627,5632086.0
628,29251596.0
629,6174491.0
630,12413650.0
631,109502303.0
632,1500000.0
633,30102717.0
634,330579719.0
635,44527234.0
636,20158808.0
637,36565280.0
638,150816700.0
639,1400000.0
640,8.0
641,73956241.0
642,97437106.0
643,288752301.0
644,8026971.0
645,55240.0
646,1000000.0
647,94000000.0
648,2500000.0
649,16300000.0
650,192452832.0
651,135000000.0
652,12232628.0
653,49501.0
654,99000.0
655,553198.0
656,22200000.0
657,20079850.0
658,13000000.0
659,754249.0
660,8135031.0
661,132511035.0
662,10016934.0
663,16633035.0
664,18112929.0
665,70.0
666,10.0
667,958400000.0
668,340911.0
669,419953.0
670,76578911.0
671,3100000.0
672,5900000.0
673,3485127.0
674,38376497.0
675,76932943.0
676,11411644.0
677,60700000.0
678,777423.0
679,1296937.0
680,8750000.0
681,544272402.0
682,11000000.0
683,46405336.0
684,183293131.0
685,1262886337.0
686,3788000.0
687,86234523.0
688,1382462.0
689,11294.0
690,850000000.0
691,6000000.0
692,11560806.0
693,180622424.0
694,2450846.0
695,5979292.0
696,2.0
697,20000000.0
698,265452.0
699,9077700.0
700,124827316.0
701,38748395.0
702,98450062.0
703,235483004.0
704,500000.0
705,59908565.0
706,36764313.0
707,14363400.0
708,13769.0
709,206172544.0
710,10400000.0
711,9504139.0
712,4385312.0
713,120455994.0
714,10166502.0
715,29174648.0
716,24188922.0
717,17953778.0
718,14683921.0
719,32710894.0
720,190000.0
721,4469460.0
722,62852.0
723,7399763.0
724,1044824.0
725,709827462.0
726,71561644.0
727,4129250.0
728,219076518.0
729,16656125.0
730,500188435.0
731,1999955.0
732,56666667.0
733,11220670.0
734,1954937.0
735,1023784195.0
736,58662452.0
737,30000000.0
738,1893139.0
739,37279439.0
740,158733820.0
741,2692037.0
742,402539.0
743,4270000.0
744,39340177.0
745,78868508.0
746,19777647.0
747,249905.0
748,11122090.0
749,34153101.0
750,84565230.0
751,50451307.0
752,113244290.0
753,21350.0
754,58853106.0
755,10409377.0
756,6000000.0
757,194720.0
758,163733697.0
759,24134.0
760,29541790.0
761,24793509.0
762,59209.0
763,70000000.0
764,531865000.0
765,8800000.0
766,133718711.0
767,24719215.0
768,121463226.0
769,2262223.0
770,4192440.0
771,25035950.0
772,18130000.0
773,5926128.0
774,48752.0
775,3317662.0
776,7732325.0
777,49554002.0
778,331957105.0
779,29252978.0
780,55447968.0
781,3305592.0
782,1646788.0
783,332000000.0
784,22697691.0
785,12416686.0
786,764083.0
787,70067909.0
788,253527.0
789,2334228.0
790,95311434.0
791,72266306.0
792,222300000.0
793,73180723.0
794,10959475.0
795,93617009.0
796,20560255.0
797,33579813.0
798,4631.0
799,66456.0
800,177238796.0
801,58978653.0
802,14016568.0
803,453079.0
804,32056467.0
805,135680000.0
806,13551174.0
807,18492362.0
808,138730.0
809,32846.0
810,220021259.0
811,363889678.0
812,1400000.0
813,244386864.0
814,21000000.0
815,42277365.0
816,60740827.0
817,41205099.0
818,22000000.0
819,233755553.0
820,2402459.0
821,9221.0
822,2600000.0
823,170128460.0
824,1250000.0
825,103951461.0
826,15992615.0
827,64076736.0
828,150000000.0
829,7266209.0
830,11276.0
831,161000000.0
832,3148182.0
833,374218673.0
834,65497208.0
835,36160375.0
836,1305887.0
837,21520719.0
838,378858340.0
839,16803753.0
840,9797098.0
841,2978994.0
842,11449638.0
843,369975.0
844,27187375.0
845,1012189.0
846,136766062.0
847,7227038.0
848,2642983.0
849,18000000.0
850,8500000.0
851,48027970.0
852,2042530.0
853,152761.0
854,36611610.0
855,2411594.0
856,887029.0
857,10000000.0
858,383257136.0
859,558000.0
860,8038508.0
861,14782676.0
862,97542952.0
863,26488.0
864,2642899.0
865,634074.0
866,9448082.0
867,8000000.0
868,135893.0
869,108539911.0
870,28000000.0
871,6101046.0
872,48720000.0
873,3106835.0
874,10382407.0
875,146497771.0
876,50159144.0
877,42160849.0
878,38502340.0
879,3572443.0
880,48065672.0
881,1072602.0
882,1025491110.0
883,149217355.0
884,77278331.0
885,18315000.0
886,49579269.0
887,306.0
888,54586584.0
889,368744044.0
890,13102295.0
891,8125592.0
892,37962774.0
893,386749.0
894,13000000.0
895,100020092.0
896,5438927.0
897,114194847.0
898,18432000.0
899,16627188.0
900,19000000.0
901,16863583.0
902,52164.0
903,786636033.0
904,14134877.0
905,202026112.0
906,92823546.0
907,1084939099.0
908,128499205.0
909,2541554.0
910,30668.0
911,2340.0
912,1492523.0
913,2054941.0
914,50068310.0
915,4600000.0
916,61700000.0
917,28451622.0
918,3662459.0
919,5100000.0
920,3832228.0
921,2683519.0
922,11642254.0
923,35348597.0
924,191125.0
925,850259.0
926,75143.0
927,96618699.0
928,197687603.0
929,641.0
930,42365581.0
931,58795814.0
932,645135.0
933,159055768.0
934,174822325.0
935,171539887.0
936,4215859.0
937,14000000.0
938,37884.0
939,1938.0
940,2227000.0
941,18948425.0
942,758539785.0
943,4635300.0
944,28023563.0
945,11301649.0
946,43650785.0
947,278731369.0
948,124693.0
949,300400432.0
950,8475466.0
951,8251071.0
952,20080020.0
953,1000000.0
954,73244881.0
955,1982505.0
956,1832541.0
957,1301696.0
958,1479042.0
959,142851197.0
960,65088797.0
961,83027924.0
962,933959197.0
963,141407024.0
964,807535.0
965,921548.0
966,36400360.0
967,30229977.0
968,15119639.0
969,163403799.0
970,274470394.0
971,10000000.0
972,318000141.0
973,70600000.0
974,78874843.0
975,33000000.0
976,39300000.0
977,39459427.0
978,12935800.0
979,66976317.0
980,2189047.0
981,91188905.0
982,1744858.0
983,12118661.0
984,61489265.0
985,46216641.0
986,58840.0
987,19738015.0
988,23570541.0
989,134095253.0
990,1675706.0
991,13885802.0
992,49667.0
993,3202000.0
994,28744356.0
995,65595485.0
996,1530216.0
997,77000000.0
998,103911669.0
999,164433867.0
1000,17808.0
1001,13878334.0
1002,42070000.0
1003,21284514.0
1004,1841260.0
1005,4235151.0
1006,151493655.0
1007,30.0
1008,60.0
1009,19472057.0
1010,56505065.0
1011,140795793.0
1012,41410568.0
1013,115350426.0
1014,22750363.0
1015,957240.0
1016,21000000.0
1017,114830111.0
1018,29000000.0
1019,47042000.0
1020,6272403.0
1021,87600000.0
1022,108000000.0
1023,44057737.0
1024,19910002.0
1025,20045115.0
1026,4187.0
1027,27635305.0
1028,6472990.0
1029,1778391.0
1030,157387195.0
1031,21107746.0
1032,11125849.0
1033,40266982.0
1034,29235353.0
1035,38901218.0
1036,30127963.0
1037,364937.0
1038,35078241.0
1039,245623848.0
1040,45250.0
1041,5446000.0
1042,113006880.0
1043,347451894.0
1044,331000.0
1045,38135878.0
1046,320145693.0
1047,1519796.0
1048,76286096.0
1049,26888376.0
1050,218340595.0
1051,29762011.0
1052,17487531.0
1053,10541523.0
1054,928391.0
1055,14899417.0
1056,525.0
1057,107559.0
1058,187361754.0
1059,1108462.0
1060,191185897.0
1061,43984230.0
1062,8692426.0
1063,1404.0
1064,748806957.0
1065,199436.0
1066,311312624.0
1067,9584131.0
1068,51079064.0
1069,9518342.0
1070,5596708.0
1071,6819587.0
1072,42776760.0
1073,7390108.0
1074,123820.0
1075,10000000.0
1076,1984662.0
1077,15000.0
1078,22471595.0
1079,14347000.0
1080,6860853.0
1081,80936232.0
1082,120207127.0
1083,985007.0
1084,52970014.0
1085,254190.0
1086,606694.0
1087,1221366.0
1088,72778712.0
1089,4367497.0
1090,28641776.0
1091,36869414.0
1092,1189612.0
1093,3082901.0
1094,245066411.0
1095,194168700.0
1096,352194034.0
1097,26330482.0
1098,80000000.0
1099,112343513.0
1100,40590000.0
1101,3370574.0
1102,119919.0
1103,14859394.0
1104,33013805.0
1105,3342697.0
1106,15530077.0
1107,2300000.0
1108,8352885.0
1109,114178613.0
1110,44196684.0
1111,3021629.0
1112,129795554.0
1113,60845711.0
1114,18469680.0
1115,12355798.0
1116,185438673.0
1117,38172500.0
1118,141069860.0
1119,107879496.0
1120,35287788.0
1121,32222567.0
1122,31584901.0
1123,59612888.0
1124,63327201.0
1125,408579038.0
1126,105178561.0
1127,1519557910.0
1128,14010690.0
1129,29400000.0
1130,2850263.0
1131,126737428.0
1132,1390172.0
1133,230884728.0
1134,11540607.0
1135,40000.0
1136,36800000.0
1137,50673078.0
1138,15400000.0
1139,30.0
1140,444098.0
1141,229400000.0
1142,11.0
1143,8247943.0
1144,10462500.0
1145,14947.0
1146,84500122.0
1147,161410.0
1148,1751330.0
1149,129042871.0
1150,2750275.0
1151,9250000.0
1152,709709780.0
1153,50750000.0
1154,60641.0
1155,16519460.0
1156,5332926.0
1157,1750211.0
1158,7339398.0
1159,174578751.0
1160,147332697.0
1161,2636637.0
1162,121.0
1163,31063038.0
1164,2119994.0
1165,53898845.0
1166,34786960.0
1167,8500000.0
1168,30658387.0
1169,32788.0
1170,87404651.0
1171,11129057.0
1172,54819301.0
1173,2681345.0
1174,28281.0
1175,4706919.0
1176,6149791.0
1177,25005257.0
1178,96105964.0
1179,11000000.0
1180,24689703.0
1181,100659.0
1182,222231186.0
1183,263920180.0
1184,8303261.0
1185,307166834.0
1186,810455.0
1187,680224.0
1188,44566.0
1189,34664.0
1190,2019000.0
1191,7.0
1192,46089287.0
1193,64256513.0
1194,598645.0
1195,1675484.0
1196,94882889.0
1197,82150642.0
1198,846704.0
1199,85.0
1200,416498.0
1201,51723285.0
1202,71009334.0
1203,17000000.0
1204,127666415.0
1205,35114428.0
1206,50244700.0
1207,5151936.0
1208,51881013.0
1209,213954274.0
1210,83557872.0
1211,75450437.0
1212,871279.0
1213,13269963.0
1214,2744253.0
1215,215576.0
1216,9930095.0
1217,13418091.0
1218,330444045.0
1219,3218666.0
1220,1296184.0
1221,20566327.0
1222,7185518.0
1223,559852396.0
1224,80547866.0
1225,142337240.0
1226,223003.0
1227,10126458.0
1228,2200000.0
1229,16974459.0
1230,215283742.0
1231,193355800.0
1232,109449237.0
1233,473993.0
1234,21032267.0
1235,186438883.0
1236,7644937.0
1237,80154140.0
1238,4491986.0
1239,30553394.0
1240,9138338.0
1241,126.0
1242,52293982.0
1243,38793283.0
1244,716392705.0
1245,43928932.0
1246,2736000.0
1247,40272135.0
1248,30448000.0
1249,96889998.0
1250,419651413.0
1251,5476060.0
1252,296000000.0
1253,17381942.0
1254,57252.0
1255,404.0
1256,39598448.0
1257,44350926.0
1258,337812.0
1259,6132924.0
1260,418961.0
1261,3099314.0
1262,11879046.0
1263,2970.0
1264,4627375.0
1265,31720158.0
1266,28208.0
1267,68411275.0
1268,46488.0
1269,25605015.0
1270,4371000.0
1271,284139100.0
1272,14904.0
1273,102272727.0
1274,16929123.0
1275,8613462.0
1276,25000000.0
1277,40239.0
1278,41232.0
1279,16554699.0
1280,2228115.0
1281,19204593.0
1282,46.0
1283,6000000.0
1284,350006.0
1285,21665468.0
1286,41482207.0
1287,67642693.0
1288,2594000.0
1289,8844595.0
1290,1300000.0
1291,12308521.0
1292,27187653.0
1293,11203026.0
1294,151161491.0
1295,21049053.0
1296,87987055.0
1297,33000337.0
1298,1238080.0
1299,5624282.0
1300,37285.0
1301,116980662.0
1302,204660.0
1303,3484331.0
1304,9600000.0
1305,921974.0
1306,25739015.0
1307,64437847.0
1308,144633.0
1309,3646994.0
1310,369330363.0
1311,18000.0
1312,28350000.0
1313,90259536.0
1314,49100000.0
1315,6341855.0
1316,26010864.0
1317,21930418.0
1318,499168.0
1319,11715321.0
1320,495303.0
1321,470490832.0
1322,128905366.0
1323,486021.0
1324,3337685.0
1325,235432.0
1326,3983997.0
1327,1117920.0
1328,27122040.0
1329,1373728.0
1330,1942423.0
1331,8100000.0
1332,1347747.0
1333,836297228.0
1334,15504.0
1335,227817248.0
1336,31000.0
1337,8022000.0
1338,2600000.0
1339,7070330.0
1340,4588176.0
1341,68349884.0
1342,196114570.0
1343,1113277.0
1344,20256975.0
1345,10082.0
1346,149295601.0
1347,5.0
1348,169852759.0
1349,14717854.0
1350,15395087.0
1351,5200000.0
1352,29907685.0
1353,11466088.0
1354,102820008.0
1355,422.0
1356,162242962.0
1357,25000.0
1358,544476.0
1359,101300000.0
1360,3639345.0
1361,1000000.0
1362,45100.0
1363,155545279.0
1364,10000000.0
1365,19300483.0
1366,56825.0
1367,593683.0
1368,7000000.0
1369,9000000.0
1370,49000000.0
1371,50007546.0
1372,1919197.0
1373,17277.0
1374,2106557.0
1375,12803305.0
1376,41627431.0
1377,923.0
1378,165335153.0
1379,6754898.0
1380,17804565.0
1381,1600000.0
1382,25000000.0
1383,867714.0
1384,178127760.0
1385,132675402.0
1386,970816.0
1387,9450897.0
1388,205703818.0
1389,31894.0
1390,165615285.0
1391,68106245.0
1392,5475058.0
1393,471222889.0
1394,151165787.0
1395,209154322.0
1396,23803308.0
1397,149044513.0
1398,1060056.0
1399,18626419.0
1400,62788218.0
1401,346864462.0
1402,212000000.0
1403,11472454.0
1404,44352417.0
1405,6804016.0
1406,36894225.0
1407,4314688.0
1408,218613188.0
1409,23978402.0
1410,108083.0
1411,3500605.0
1412,68572378.0
1413,108286421.0
1414,524668.0
1415,65754228.0
1416,20374201.0
1417,17530973.0
1418,176997168.0
1419,26279000.0
1420,1179676.0
1421,1449945.0
1422,43471.0
1423,57284237.0
1424,30551495.0
1425,7840873.0
1426,391081192.0
1427,107196498.0
1428,119772232.0
1429,78309131.0
1430,102000000.0
1431,23727301.0
1432,9760104.0
1433,205298907.0
1434,14743391.0
1435,23859.0
1436,15520023.0
1437,1100000.0
1438,62985.0
1439,2459895.0
1440,90426405.0
1441,14481606.0
1442,3775000.0
1443,443684.0
1444,10755447.0
1445,34710627.0
1446,25312387.0
1447,8674093.0
1448,3000000.0
1449,5129058.0
1450,30524763.0
1451,87784194.0
1452,413454.0
1453,65884703.0
1454,80551.0
1455,31670620.0
1456,3752426.0
1457,6792000.0
1458,7205.0
1459,3031801.0
1460,4159678.0
1461,102000000.0
1462,442965.0
1463,6491240.0
1464,7022209.0
1465,55635037.0
1466,32000000.0
1467,224803475.0
1468,57120318.0
1469,5000000.0
1470,1317657.0
1471,1730000.0
1472,102308889.0
1473,153698625.0
1474,255273813.0
1475,62548947.0
1476,37170057.0
1477,11293663.0
1478,226497209.0
1479,4634062.0
1480,125.0
1481,5000000.0
1482,43493123.0
1483,62022014.0
1484,79799880.0
1485,76586316.0
1486,2807390.0
1487,10736401.0
1488,6321392.0
1489,10198357.0
1490,401421.0
1491,5000000.0
1492,22159216.0
1493,147780440.0
1494,13818181.0
1495,11947954.0
1496,2154540.0
1497,202466756.0
1498,38610009.0
1499,240159255.0
1500,33245.0
1501,408247917.0
1502,26828365.0
1503,81272766.0
1504,989000.0
1505,286201.0
1506,16374328.0
1507,320092.0
1508,16017403.0
1509,13130349.0
1510,3214116.0
1511,118063304.0
1512,373554033.0
1513,61548707.0
1514,1631839.0
1515,52882018.0
1516,84785914.0
1517,163670000.0
1518,14000000.0
1519,269823.0
1520,82703.0
1521,21134374.0
1522,243843127.0
1523,243000.0
1524,1831348.0
1525,243637091.0
1526,2437000.0
1527,63781810.0
1528,2260622.0
1529,21026290.0
1530,1079726.0
1531,47410000.0
1532,189712432.0
1533,59389433.0
1534,5979011.0
1535,140987.0
1536,819939.0
1537,16002420.0
1538,7000000.0
1539,209696.0
1540,1759252.0
1541,4719695.0
1542,3.0
1543,29456000.0
1544,36489888.0
1545,1055287.0
1546,51416464.0
1547,519535.0
1548,182290266.0
1549,500000.0
1550,230069.0
1551,609123048.0
1552,1553826.0
1553,135130999.0
1554,22321.0
1555,10676194.0
1556,19179969.0
1557,560069.0
1558,142400065.0
1559,5496951.0
1560,9479718.0
1561,760883.0
1562,19595031.0
1563,19978961.0
1564,30471.0
1565,35485608.0
1566,133346506.0
1567,11000.0
1568,22179430.0
1569,11263966.0
1570,239606210.0
1571,93600000.0
1572,84601681.0
1573,76000000.0
1574,973525.0
1575,6700.0
1576,11582891.0
1577,119723856.0
1578,16000000.0
1579,96188903.0
1580,121059225.0
1581,10750000.0
1582,25800.0
1583,12000000.0
1584,28607524.0
1585,20455276.0
1586,12382362.0
1587,232324128.0
1588,15556340.0
1589,23083334.0
1590,3384747.0
1591,1031243.0
1592,53208180.0
1593,11000000.0
1594,92374674.0
1595,40855419.0
1596,102617.0
1597,26488734.0
1598,66468332.0
1599,373062864.0
1600,696681.0
1601,6808550.0
1602,215529201.0
1603,3206713.0
1604,17280326.0
1605,7175592.0
1606,5809330.0
1607,161789.0
1608,240978.0
1609,159773545.0
1610,1929168.0
1611,9902115.0
1612,103891409.0
1613,154864401.0
1614,38955598.0
1615,40846082.0
1616,210819611.0
1617,11500000.0
1618,3537961.0
1619,229000.0
1620,80049764.0
1621,127600435.0
1622,1606624.0
1623,43719.0
1624,460226.0
1625,252712101.0
1626,73762516.0
1627,540152.0
1628,28400000.0
1629,41158757.0
1630,170832.0
1631,604942143.0
1632,34533783.0
1633,19010585.0
1634,133949270.0
1635,200182160.0
1636,13273595.0
1637,1697294.0
1638,4152230.0
1639,30231200.0
1640,78247647.0
1641,25000000.0
1642,1261000.0
1643,333011068.0
1644,311256926.0
1645,34522221.0
1646,3692836.0
1647,35739755.0
1648,78054825.0
1649,10300.0
1650,2697930.0
1651,63463.0
1652,21890845.0
1653,4710749.0
1654,11341016.0
1655,1261947.0
1656,12000000.0
1657,62000000.0
1658,49002684.0
1659,83398.0
1660,8178569.0
1661,13275000.0
1662,35856053.0
1663,36000000.0
1664,15502112.0
1665,90383208.0
1666,235860116.0
1667,5887457.0
1668,596349.0
1669,7830611.0
1670,58510.0
1671,24145613.0
1672,24769466.0
1673,66821036.0
1674,1004558444.0
1675,77516304.0
1676,7237794.0
1677,2070806.0
1678,24902723.0
1679,770706.0
1680,248000000.0
1681,900000.0
1682,81452156.0
1683,13276953.0
1684,1878561.0
1685,4864560.0
1686,159330280.0
1687,9012000.0
1688,1718328.0
1689,91636986.0
1690,457163.0
1691,5240.0
1692,60611975.0
1693,2297493.0
1694,42000000.0
1695,1013926.0
1696,224511319.0
1697,5000000.0
1698,21621000.0
1699,120081841.0
1700,117760134.0
1701,7286388.0
1702,7424.0
1703,64227.0
1704,3867000.0
1705,89162162.0
1706,7218340.0
1707,5800000.0
1708,17432163.0
1709,48668907.0
1710,56070433.0
1711,42724017.0
1712,9318.0
1713,8342132.0
1714,101191884.0
1715,2091037.0
1716,369907963.0
1717,5101756.0
1718,242688965.0
1719,1248748.0
1720,2804874.0
1721,85313124.0
1722,54744738.0
1723,51070807.0
1724,167977596.0
1725,27634716.0
1726,124914842.0
1727,39673161.0
1728,10848783.0
1729,3665069.0
1730,13000000.0
1731,1440000.0
1732,4900000.0
1733,47000000.0
1734,34100000.0
1735,244527583.0
1736,920100000.0
1737,23507567.0
1738,120620.0
1739,46434570.0
1740,122417389.0
1741,26079312.0
1742,163169.0
1743,25480490.0
1744,20915465.0
1745,83719388.0
1746,78371200.0
1747,4000000.0
1748,18663238.0
1749,666045.0
1750,26144.0
1751,6933459.0
1752,14054361.0
1753,16671505.0
1754,20666.0
1755,1.0
1756,9216.0
1757,88658655.0
1758,639000.0
1759,718490.0
1760,276572938.0
1761,596000.0
1762,1506249360.0
1763,119500000.0
1764,2500000.0
1765,27200000.0
1766,14631377.0
1767,1486992.0
1768,8533973.0
1769,76514050.0
1770,7900000.0
1771,7025496.0
1772,16700000.0
1773,262797249.0
1774,1133031.0
1775,74558115.0
1776,9114264.0
1777,570000.0
1778,13308.0
1779,17508518.0
1780,70906973.0
1781,110000000.0
1782,5602431.0
1783,1305195.0
1784,616801808.0
1785,10032765.0
1786,268431.0
1787,94633.0
1788,382267.0
1789,104931801.0
1790,11403529.0
1791,19905359.0
1792,15298355.0
1793,8349430.0
1794,25461.0
1795,10654385.0
1796,2000000.0
1797,95000000.0
1798,208588.0
1799,34725000.0
1800,66995253.0
1801,135.0
1802,9247881.0
1803,42886719.0
1804,15425.0
1805,4307000.0
1806,33461269.0
1807,46495.0
1808,10785801.0
1809,217201.0
1810,163794509.0
1811,2293798.0
1812,435000000.0
1813,14393902.0
1814,47301471.0
1815,4635143.0
1816,207515725.0
1817,288312.0
1818,33700.0
1819,649398328.0
1820,314195.0
1821,220151.0
1822,62153.0
1823,2826523.0
1824,173066.0
1825,4750000.0
1826,5765562.0
1827,24078196.0
1828,33053559.0
1829,56714147.0
1830,19776159.0
1831,309457509.0
1832,9816332.0
1833,36144000.0
1834,1200627.0
1835,102780.0
1836,7282851.0
1837,73174566.0
1838,35294470.0
1839,586090727.0
1840,138913.0
1841,117831631.0
1842,6405245.0
1843,27900000.0
1844,5405313.0
1845,1046166.0
1846,14697005.0
1847,530048.0
1848,209935.0
1849,72070731.0
1850,18000000.0
1851,6538177.0
1852,38574362.0
1853,3090862.0
1854,50504655.0
1855,18803648.0
1856,24377151.0
1857,400062763.0
1858,1805884.0
1859,7096000.0
1860,32726956.0
1861,566736.0
1862,714766572.0
1863,66002004.0
1864,3338228.0
1865,181466833.0
1866,85241496.0
1867,407778013.0
1868,17037887.0
1869,630161890.0
1870,100489151.0
1871,10400000.0
1872,215394738.0
1873,10006806.0
1874,72287783.0
1875,1.0
1876,68514844.0
1877,742898.0
1878,41296320.0
1879,53086.0
1880,251171807.0
1881,459359555.0
1882,20240128.0
1883,20642922.0
1884,17137302.0
1885,23.0
1886,1535558.0
1887,133432856.0
1888,573335.0
1889,11000000.0
1890,13204291.0
1891,320395.0
1892,125400.0
1893,40105542.0
1894,6000000.0
1895,849915.0
1896,3000000.0
1897,69823199.0
1898,54600000.0
1899,6488144.0
1900,355962.0
1901,266000000.0
1902,251058.0
1903,230685453.0
1904,4800080.0
1905,49998613.0
1906,15429177.0
1907,200406.0
1908,112462508.0
1909,152427960.0
1910,1179002.0
1911,372234864.0
1912,67821.0
1913,25147786.0
1914,1548955.0
1915,12923936.0
1916,3462.0
1917,39673162.0
1918,1.0
1919,15240456.0
1920,2043704.0
1921,32248241.0
1922,86362372.0
1923,71000000.0
1924,6000000.0
1925,415252786.0
1926,311245.0
1927,195312802.0
1928,62000000.0
1929,117719158.0
1930,1749201.0
1931,162091208.0
1932,50892160.0
1933,51854875.0
1934,173000000.0
1935,59468275.0
1936,123494610.0
1937,14051384.0
1938,25196249.0
1939,20211394.0
1940,22812411.0
1941,24048000.0
1942,1100000.0
1943,10018.0
1944,26155781.0
1945,20471382.0
1946,712294.0
1947,4069826.0
1948,20719451.0
1949,204.0
1950,6700000.0
1951,85416905.0
1952,2628241.0
1953,14836.0
1954,31899000.0
1955,50021959.0
1956,243240178.0
1957,1200000.0
1958,119946358.0
1959,389503.0
1960,500000.0
1961,88545092.0
1962,35456.0
1963,42647449.0
1964,103173635.0
1965,7406.0
1966,7936012.0
1967,11650.0
1968,25928721.0
1969,208076205.0
1970,343341.0
1971,7500000.0
1972,10364904.0
1973,415440673.0
1974,2120439.0
1975,20000000.0
1976,393816.0
1977,52099090.0
1978,9069.0
1979,30199105.0
1980,21888598.0
1981,4417580.0
1982,23042200.0
1983,190458706.0
1984,4176932.0
1985,225990978.0
1986,105097.0
1987,357852395.0
1988,13200241.0
1989,21486757.0
1990,5900000.0
1991,17768757.0
1992,6482195.0
1993,6000000.0
1994,4571025.0
1995,47267001.0
1996,235666219.0
1997,69411370.0
1998,44332015.0
1999,119940815.0
2000,27200316.0
2001,16928137.0
2002,1250712.0
2003,59217789.0
2004,19165560.0
2005,15071514.0
2006,18591272.0
2007,11348324.0
2008,2610000.0
2009,121129.0
2010,340312.0
2011,8153677.0
2012,70200000.0
2013,141220678.0
2014,100544.0
2015,392000694.0
2016,136000000.0
2017,28341469.0
2018,8138788.0
2019,773328629.0
2020,69307224.0
2021,5741608.0
2022,260354.0
2023,46221189.0
2024,7897645.0
2025,34560577.0
2026,25513752.0
2027,10499694.0
2028,2640850.0
2029,23000000.0
2030,35763605.0
2031,112892319.0
2032,4000000.0
2033,25.0
2034,15309302.0
2035,152036382.0
2036,550000000.0
2037,355237933.0
2038,130000.0
2039,43848069.0
2040,10113733.0
2041,9234510.0
2042,262921.0
2043,300228084.0
2044,29010817.0
2045,371940071.0
2046,114660784.0
2047,5363000.0
2048,10130000.0
2049,6455530.0
2050,139804348.0
2051,22490039.0
2052,1494399.0
2053,385284817.0
2054,258464.0
2055,4000000.0
2056,57096190.0
2057,285176741.0
2058,239894.0
2059,347434178.0
2060,8555008.0
2061,32483410.0
2062,161834276.0
2063,288500217.0
2064,6861102.0
2065,129115.0
2066,12342632.0
2067,20908467.0
2068,46471023.0
2069,4100000.0
2070,143000.0
2071,10878107.0
2072,15704614.0
2073,1822250.0
2074,49111202.0
2075,404785.0
2076,74918.0
2077,4542.0
2078,1501785.0
2079,17185632.0
2080,263000.0
2081,98185582.0
2082,49797148.0
2083,2506446.0
2084,3848034.0
2085,5844868.0
2086,11000000.0
2087,12036149.0
2088,44030246.0
2089,2841000.0
2090,79958599.0
2091,18.0
2092,22044277.0
2093,168180.0
2094,25303038.0
2095,2802459.0
2096,10068.0
2097,127251.0
2098,655011224.0
2099,182857.0
2100,59754601.0
2101,19255873.0
2102,1332231.0
2103,157100845.0
2104,107217396.0
2105,45703.0
2106,426224.0
2107,1103757.0
2108,908847.0
2109,161451538.0
2110,502758.0
2111,12000000.0
2112,361832400.0
2113,24760338.0
2114,25000000.0
2115,37930465.0
2116,242295562.0
2117,185260553.0
2118,4.0
2119,10011050.0
2120,2346150.0
2121,60000000.0
2122,161025640.0
2123,166775.0
2124,45742101.0
2125,77068246.0
2126,164508066.0
2127,863416141.0
2128,93375151.0
2129,8373585.0
2130,13983.0
2131,78378744.0
2132,129000000.0
2133,99965753.0
2134,11087569.0
2135,300257475.0
2136,1045713802.0
2137,11567217.0
2138,1037335.0
2139,9700000.0
2140,105200903.0
2141,4291965.0
2142,84025816.0
2143,4905000.0
2144,15179302.0
2145,551281.0
2146,22433275.0
2147,181107.0
2148,33395426.0
2149,22707064.0
2150,138259062.0
2151,3919731.0
2152,13670688.0
2153,20342161.0
2154,519204.0
2155,9713500.0
2156,19800000.0
2157,75715436.0
2158,52287414.0
2159,34808403.0
2160,76578641.0
2161,17671101.0
2162,153083102.0
2163,38290723.0
2164,185898.0
2165,101134059.0
2166,10076790.0
2167,60209334.0
2168,362000072.0
2169,2500431.0
2170,23800000.0
2171,15656193.0
2172,71904.0
2173,133000000.0
2174,9500000.0
2175,37598.0
2176,17336370.0
2177,3897799.0
2178,61141030.0
2179,60427839.0
2180,27642707.0
2181,156822020.0
2182,43579163.0
2183,32287044.0
2184,918239.0
2185,18000000.0
2186,7191399.0
2187,176153.0
2188,3193102.0
2189,1980338.0
2190,3200000.0
2191,2270000.0
2192,48190704.0
2193,156844753.0
2194,1461989.0
2195,93282604.0
2196,346297.0
2197,773228.0
2198,6800000.0
2199,179000.0
2200,33889159.0
2201,280000000.0
2202,6147.0
2203,182379278.0
2204,1896244.0
2205,28169671.0
2206,98410061.0
2207,18253415.0
2208,261317921.0
2209,6698361.0
2210,961000000.0
2211,29326868.0
2212,136400000.0
2213,32204030.0
2214,67872296.0
2215,10903846.0
2216,105610124.0
2217,5659286.0
2218,196781193.0
2219,7659918.0
2220,2357852.0
2221,8220215.0
2222,4040588.0
2223,50000000.0
2224,103166989.0
2225,536364.0
2226,7800000.0
2227,8000000.0
2228,363164265.0
2229,56298474.0
2230,5099316.0
2231,9132000.0
2232,3533227.0
2233,23450000.0
2234,55583804.0
2235,771499.0
2236,1400000.0
2237,8212430.0
2238,2691899.0
2239,5820015.0
2240,91000000.0
2241,572809.0
2242,41744718.0
2243,132820716.0
2244,110879513.0
2245,85306374.0
2246,30411183.0
2247,4417667.0
2248,31327899.0
2249,102984862.0
2250,30226144.0
2251,228136.0
2252,8.0
2253,108047131.0
2254,307076.0
2255,53191886.0
2256,100.0
2257,138000.0
2258,49084830.0
2259,113493481.0
2260,1829917.0
2261,111731.0
2262,4557214.0
2263,19701164.0
2264,7965.0
2265,216614388.0
2266,500000.0
2267,374111707.0
2268,90508336.0
2269,73276047.0
2270,287553595.0
2271,3000000.0
2272,3764219.0
2273,1007962.0
2274,21706101.0
2275,205754447.0
2276,21786738.0
2277,37473.0
2278,292279.0
2279,7103973.0
2280,31609243.0
2281,3696232.0
2282,7985929.0
2283,40940662.0
2284,3903479.0
2285,68000000.0
2286,1200398.0
2287,152930623.0
2288,1500000.0
2289,6101904.0
2290,71368.0
2291,87055349.0
2292,1686429.0
2293,50656.0
2294,20497844.0
2295,147542.0
2296,5255.0
2297,188133322.0
2298,297138014.0
2299,179943.0
2300,264118201.0
2301,8176544.0
2302,1110566.0
2303,65335.0
2304,53267000.0
2305,390493908.0
2306,51680201.0
2307,41162041.0
2308,1246141.0
2309,1277401.0
2310,26589000.0
2311,7900000.0
2312,63833449.0
2313,3117985.0
2314,114956699.0
2315,455815.0
2316,5483299.0
2317,43455230.0
2318,41895491.0
2319,33208099.0
2320,3566225.0
2321,21170563.0
2322,4905000.0
2323,1123746996.0
2324,7940.0
2325,132274484.0
2326,173013509.0
2327,783112979.0
2328,73326666.0
2329,30353232.0
2330,4820000.0
2331,81381.0
2332,35057696.0
2333,111996.0
2334,111584787.0
2335,22896728.0
2336,263404.0
2337,66132626.0
2338,8362969.0
2339,100853753.0
2340,7100000.0
2341,29359216.0
2342,72527595.0
2343,5330000.0
2344,2400000.0
2345,17800000.0
2346,13022756.0
2347,50100000.0
2348,230698791.0
2349,5262047.0
2350,441306145.0
2351,38505009.0
2352,333000000.0
2353,79666653.0
2354,13000000.0
2355,31179516.0
2356,23875127.0
2357,17218080.0
2358,662845518.0
2359,370668.0
2360,6029824.0
2361,939101.0
2362,12000000.0
2363,35022.0
2364,58620973.0
2365,160602194.0
2366,794452.0
2367,59700000.0
2368,27734391.0
2369,7865.0
2370,154937680.0
2371,301000000.0
2372,28460702.0
2373,129540499.0
2374,87100449.0
2375,52604.0
2376,95673607.0
2377,11100000.0
2378,92991835.0
2379,9789900.0
2380,6086508.0
2381,9304609.0
2382,494506.0
2383,18124262.0
2384,3.0
2385,671.0
2386,25893810.0
2387,21700000.0
2388,886686817.0
2389,95714875.0
2390,20000000.0
2391,10000000.0
2392,141195658.0
2393,7338987.0
2394,694438.0
2395,147934180.0
2396,248392.0
2397,204594016.0
2398,309492681.0
2399,20275812.0
2400,15.0
2401,688510.0
2402,37000000.0
2403,170268750.0
2404,15691192.0
2405,154026136.0
2406,3003.0
2407,65046687.0
2408,1884814.0
2409,4409328.0
2410,48814909.0
2411,18599102.0
2412,223664608.0
2413,44806783.0
2414,660537.0
2415,61801971.0
2416,23202734.0
2417,6341684.0
2418,4000000.0
2419,113374103.0
2420,141047179.0
2421,4100000.0
2422,11576431.0
2423,6347072.0
2424,500000.0
2425,73648228.0
2426,28061343.0
2427,1334173.0
2428,1347988.0
2429,34585416.0
2430,19158074.0
2431,10000000.0
2432,320170008.0
2433,580527.0
2434,32.0
2435,104507.0
2436,3956913.0
2437,3376375.0
2438,325756637.0
2439,40084041.0
2440,26199517.0
2441,56308881.0
2442,14418922.0
2443,106303988.0
2444,698491347.0
2445,694497.0
2446,32155047.0
2447,10400000.0
2448,231411584.0
2449,56359980.0
2450,36779296.0
2451,1300000.0
2452,523511.0
2453,95404397.0
2454,1914166.0
2455,44000000.0
2456,549368315.0
2457,6856989.0
2458,587615.0
2459,3295624.0
2460,268426634.0
2461,82466670.0
2462,240093.0
2463,6212282.0
2464,106498.0
2465,424208848.0
2466,6928068.0
2467,26250020.0
2468,41382841.0
2469,14048372.0
2470,78382433.0
2471,15014674.0
2472,14010832.0
2473,331926147.0
2474,150277.0
2475,79.0
2476,373552094.0
2477,212385533.0
2478,19131000.0
2479,68729358.0
2480,56702901.0
2481,18800000.0
2482,51148651.0
2483,56681566.0
2484,48911.0
2485,30399676.0
2486,362637473.0
2487,93945766.0
2488,2948386.0
2489,102391382.0
2490,40120144.0
2491,6.0
2492,10474.0
2493,2861020.0
2494,8679814.0
2495,99303.0
2496,3200000.0
2497,605562.0
2498,41954997.0
2499,2294357.0
2500,160638883.0
2501,19829957.0
2502,8887603.0
2503,28215918.0
2504,49364621.0
2505,3960327.0
2506,8910819.0
2507,75993061.0
2508,5967038.0
2509,14624826.0
2510,3453043.0
2511,532269.0
2512,25966555.0
2513,50671850.0
2514,12000000.0
2515,192330738.0
2516,1851517.0
2517,12173470.0
2518,132900000.0
2519,201596308.0
2520,1500000.0
2521,90614445.0
2522,74134790.0
2523,5923044.0
2524,3661757.0
2525,396003.0
2526,30002758.0
2527,33697647.0
2528,44349000.0
2529,7500000.0
2530,3052000.0
2531,86658558.0
2532,11300653.0
2533,1021103568.0
2534,2019009.0
2535,54249294.0
2536,214104620.0
2537,14200000.0
2538,4811525.0
2539,15000000.0
2540,188126.0
2541,3623330.0
2542,88058786.0
2543,34705850.0
2544,12706478.0
2545,42792561.0
2546,50548152.0
2547,87000000.0
2548,585349010.0
2549,39768000.0
2550,1524966.0
2551,31911598.0
2552,23619609.0
2553,250200000.0
2554,3721911.0
2555,152961.0
2556,3020784.0
2557,148426.0
2558,7011317.0
2559,48428063.0
2560,38862717.0
2561,12065892.0
2562,17000000.0
2563,1028570889.0
2564,17000000.0
2565,18317151.0
2566,21567853.0
2567,2899975.0
2568,41000000.0
2569,14056528.0
2570,7242035.0
2571,305875730.0
2572,126150.0
2573,278300000.0
2574,8690429.0
2575,3251794.0
2576,1000000.0
2577,187716.0
2578,97.0
2579,2200000.0
2580,67192859.0
2581,45431.0
2582,32556119.0
2583,8.0
2584,9109322.0
2585,47000000.0
2586,1406224.0
2587,12368234.0
2588,41480851.0
2589,3897569.0
2590,68915888.0
2591,44695.0
2592,40263020.0
2593,157768.0
2594,2438031.0
2595,66559.0
2596,75781642.0
2597,840000.0
2598,16757163.0
2599,7241180.0
2600,250649836.0
2601,23598.0
2602,106269971.0
2603,538000.0
2604,162000000.0
2605,14166853.0
2606,221295.0
2607,176885658.0
2608,25900.0
2609,7060876.0
2610,3919254.0
2611,11083449.0
2612,84431625.0
2613,130786397.0
2614,8888143.0
2615,72700000.0
2616,11798616.0
2617,57915972.0
2618,611899420.0
2619,327803731.0
2620,19985196.0
2621,100000000.0
2622,28733290.0
2623,37641.0
2624,90024292.0
2625,252434250.0
2626,52761.0
2627,55987321.0
2628,62882090.0
2629,1185783.0
2630,32709423.0
2631,17986781.0
2632,130482868.0
2633,33463969.0
2634,37664855.0
2635,3554460.0
2636,22424195.0
2637,67918658.0
2638,2303.0
2639,188441614.0
2640,67112664.0
2641,25434291.0
2642,6166819.0
2643,98159963.0
2644,100076342.0
2645,121214377.0
2646,76000000.0
2647,7778177.0
2648,694713380.0
2649,156974557.0
2650,2620000.0
2651,8900000.0
2652,6800000.0
2653,11000000.0
2654,54215416.0
2655,60726164.0
2656,378667.0
2657,180274123.0
2658,27500000.0
2659,25147055.0
2660,25754284.0
2661,30471420.0
2662,100525432.0
2663,500000.0
2664,107597242.0
2665,55707411.0
2666,71624879.0
2667,54674226.0
2668,106371651.0
2669,148868835.0
2670,346079773.0
2671,22270.0
2672,14202899.0
2673,30536013.0
2674,300653.0
2675,2295423.0
2676,1862805.0
2677,5300000.0
2678,19516000.0
2679,1081957.0
2680,23057115.0
2681,966878.0
2682,1702394.0
2683,4000000.0
2684,57469467.0
2685,4300000.0
2686,17092453.0
2687,123182.0
2688,390659.0
2689,2627209.0
2690,71485043.0
2691,69055695.0
2692,13555988.0
2693,40903593.0
2694,33456317.0
2695,76657000.0
2696,10000000.0
2697,27400000.0
2698,11000000.0
2699,2387127.0
2700,192816.0
2701,27409889.0
2702,6892098.0
2703,34742066.0
2704,10571408.0
2705,16093651.0
2706,5410749.0
2707,97838349.0
2708,17292381.0
2709,6834525.0
2710,165333180.0
2711,3100000.0
2712,51000000.0
2713,18564088.0
2714,57059003.0
2715,216166.0
2716,68696770.0
2717,49601.0
2718,110996879.0
2719,1473809.0
2720,94061311.0
2721,35150960.0
2722,123509.0
2723,603943.0
2724,3566637.0
2725,32721635.0
2726,102471.0
2727,38058335.0
2728,171760.0
2729,646714.0
2730,498814908.0
2731,116700000.0
2732,278019771.0
2733,485772.0
2734,48093211.0
2735,97552050.0
2736,11657385.0
2737,16775.0
2738,880674609.0
2739,186053725.0
2740,631442092.0
2741,162360636.0
2742,2725258.0
2743,100914445.0
2744,55495563.0
2745,35424826.0
2746,637769.0
2747,49627779.0
2748,2003822.0
2749,189015611.0
2750,1803009.0
2751,14980005.0
2752,29355203.0
2753,3221568.0
2754,22921898.0
2755,20381995.0
2756,24332324.0
2757,41597830.0
2758,319285.0
2759,834332.0
2760,13.0
2761,13380561.0
2762,48298.0
2763,22540359.0
2764,27053815.0
2765,1268395.0
2766,11990401.0
2767,152500343.0
2768,136150434.0
2769,111300.0
2770,42333295.0
2771,1405403694.0
2772,18564613.0
2773,3324330.0
2774,116672912.0
2775,6700000.0
2776,539896.0
2777,7563728.0
2778,17300889.0
2779,190320568.0
2780,56422687.0
2781,64350171.0
2782,13674.0
2783,77745568.0
2784,102244770.0
2785,34967437.0
2786,10000000.0
2787,101236.0
2788,157107755.0
2789,1337274.0
2790,56574.0
2791,145896422.0
2792,4630045.0
2793,77628265.0
2794,217022588.0
2795,43528634.0
2796,4069090.0
2797,6775121.0
2798,8200000.0
2799,719968.0
2800,134748021.0
2801,91354215.0
2802,31815.0
2803,876688482.0
2804,33082548.0
2805,2040920.0
2806,2275557.0
2807,86369815.0
2808,22175908.0
2809,70136369.0
2810,9771658.0
2811,8034.0
2812,186702.0
2813,282358.0
2814,18340000.0
2815,1547397.0
2816,86175291.0
2817,2891288.0
2818,6575282.0
2819,9317021.0
2820,3091922.0
2821,500000.0
2822,21722776.0
2823,41637263.0
2824,852336.0
2825,46264384.0
2826,100000000.0
2827,7412216.0
2828,10224116.0
2829,56000000.0
2830,2033165.0
2831,665450.0
2832,19265302.0
2833,123384128.0
2834,60328000.0
2835,266728738.0
2836,21409028.0
2837,3878993.0
2838,51029361.0
2839,25442939.0
2840,250288523.0
2841,1124445.0
2842,153518974.0
2843,17297244.0
2844,90565421.0
2845,6614280.0
2846,28200.0
2847,260696994.0
2848,1625847.0
2849,67347013.0
2850,16810383.0
2851,20300000.0
2852,12303411.0
2853,6483963.0
2854,9190819.0
2855,5777916.0
2856,48482.0
2857,24186232.0
2858,6500000.0
2859,461983149.0
2860,25034000.0
2861,77737889.0
2862,102825796.0
2863,1268793.0
2864,8434146.0
2865,100.0
2866,8927600.0
2867,457363168.0
2868,1000000.0
2869,143451.0
2870,54837234.0
2871,176070171.0
2872,23367586.0
2873,14723313.0
2874,115860.0
2875,25.0
2876,32000.0
2877,17380126.0
2878,51973029.0
2879,18999718.0
2880,21300000.0
2881,205366737.0
2882,165478348.0
2883,6659377.0
2884,68369434.0
2885,331816.0
2886,147315.0
2887,202000.0
2888,36642838.0
2889,21750000.0
2890,39946780.0
2891,83080890.0
2892,28128670.0
2893,5794184.0
2894,141000000.0
2895,218626.0
2896,71069884.0
2897,645186.0
2898,16991902.0
2899,178051587.0
2900,354248063.0
2901,486937.0
2902,152368585.0
2903,21833.0
2904,18928871.0
2905,16491080.0
2906,589304.0
2907,227799884.0
2908,49042224.0
2909,8009329.0
2910,48902953.0
2911,2279000.0
2912,78000586.0
2913,2616503.0
2914,2270658.0
2915,29918745.0
2916,351692268.0
2917,10589102.0
2918,57041866.0
2919,1700000.0
2920,13000000.0
2921,4275.0
2922,2608000.0
2923,12520799.0
2924,16209459.0
2925,2402067.0
2926,142817992.0
2927,41098065.0
2928,431971116.0
2929,6263883.0
2930,50907422.0
2931,30857814.0
2932,36754634.0
2933,20000000.0
2934,74608570.0
2935,77112176.0
2936,102000000.0
2937,9392.0
2938,48418160.0
2939,403170142.0
2940,120000.0
2941,102000000.0
2942,6916869.0
2943,117629.0
2944,28921264.0
2945,89460381.0
2946,37600000.0
2947,1027757.0
2948,263635.0
2949,25182929.0
2950,6000000.0
2951,114908830.0
2952,18704595.0
2953,65663276.0
2954,19125401.0
2955,13395939.0
2956,29536299.0
2957,11949484.0
2958,35431113.0
2959,22730842.0
2960,4600000.0
2961,1163967.0
2962,125728258.0
2963,57330873.0
2964,44038000.0
2965,589244.0
2966,441809770.0
2967,87840042.0
2968,7600000.0
2969,2405420.0
2970,87754044.0
2971,411006740.0
2972,15379253.0
2973,8685526.0
2974,4122748.0
2975,10442808.0
2976,57881056.0
2977,15427192.0
2978,29700000.0
2979,1053788.0
2980,77477008.0
2981,2500000.0
2982,93000.0
2983,376597.0
2984,791830.0
2985,116643346.0
2986,14655628.0
2987,16605763.0
2988,858591.0
2989,105656.0
2990,100202.0
2991,7240837.0
2992,91038276.0
2993,1213880.0
2994,219417255.0
2995,14715067.0
2996,1596687.0
2997,180590.0
2998,89456761.0
2999,171963386.0
3000,82087155.0
3001,0.0
3002,0.0
3003,0.0
3004,0.0
3005,0.0
3006,0.0
3007,0.0
3008,0.0
3009,0.0
3010,0.0
3011,0.0
3012,0.0
3013,0.0
3014,0.0
3015,0.0
3016,0.0
3017,0.0
3018,0.0
3019,0.0
3020,0.0
3021,0.0
3022,0.0
3023,0.0
3024,0.0
3025,0.0
3026,0.0
3027,0.0
3028,0.0
3029,0.0
3030,0.0
3031,0.0
3032,0.0
3033,0.0
3034,0.0
3035,0.0
3036,0.0
3037,0.0
3038,0.0
3039,0.0
3040,0.0
3041,0.0
3042,0.0
3043,0.0
3044,0.0
3045,0.0
3046,0.0
3047,0.0
3048,0.0
3049,0.0
3050,0.0
3051,0.0
3052,0.0
3053,0.0
3054,0.0
3055,0.0
3056,0.0
3057,0.0
3058,0.0
3059,0.0
3060,0.0
3061,0.0
3062,0.0
3063,0.0
3064,0.0
3065,0.0
3066,0.0
3067,0.0
3068,0.0
3069,0.0
3070,0.0
3071,0.0
3072,0.0
3073,0.0
3074,0.0
3075,0.0
3076,0.0
3077,0.0
3078,0.0
3079,0.0
3080,0.0
3081,0.0
3082,0.0
3083,0.0
3084,0.0
3085,0.0
3086,0.0
3087,0.0
3088,0.0
3089,0.0
3090,0.0
3091,0.0
3092,0.0
3093,0.0
3094,0.0
3095,0.0
3096,0.0
3097,0.0
3098,0.0
3099,0.0
3100,0.0
3101,0.0
3102,0.0
3103,0.0
3104,0.0
3105,0.0
3106,0.0
3107,0.0
3108,0.0
3109,0.0
3110,0.0
3111,0.0
3112,0.0
3113,0.0
3114,0.0
3115,0.0
3116,0.0
3117,0.0
3118,0.0
3119,0.0
3120,0.0
3121,0.0
3122,0.0
3123,0.0
3124,0.0
3125,0.0
3126,0.0
3127,0.0
3128,0.0
3129,0.0
3130,0.0
3131,0.0
3132,0.0
3133,0.0
3134,0.0
3135,0.0
3136,0.0
3137,0.0
3138,0.0
3139,0.0
3140,0.0
3141,0.0
3142,0.0
3143,0.0
3144,0.0
3145,0.0
3146,0.0
3147,0.0
3148,0.0
3149,0.0
3150,0.0
3151,0.0
3152,0.0
3153,0.0
3154,0.0
3155,0.0
3156,0.0
3157,0.0
3158,0.0
3159,0.0
3160,0.0
3161,0.0
3162,0.0
3163,0.0
3164,0.0
3165,0.0
3166,0.0
3167,0.0
3168,0.0
3169,0.0
3170,0.0
3171,0.0
3172,0.0
3173,0.0
3174,0.0
3175,0.0
3176,0.0
3177,0.0
3178,0.0
3179,0.0
3180,0.0
3181,0.0
3182,0.0
3183,0.0
3184,0.0
3185,0.0
3186,0.0
3187,0.0
3188,0.0
3189,0.0
3190,0.0
3191,0.0
3192,0.0
3193,0.0
3194,0.0
3195,0.0
3196,0.0
3197,0.0
3198,0.0
3199,0.0
3200,0.0
3201,0.0
3202,0.0
3203,0.0
3204,0.0
3205,0.0
3206,0.0
3207,0.0
3208,0.0
3209,0.0
3210,0.0
3211,0.0
3212,0.0
3213,0.0
3214,0.0
3215,0.0
3216,0.0
3217,0.0
3218,0.0
3219,0.0
3220,0.0
3221,0.0
3222,0.0
3223,0.0
3224,0.0
3225,0.0
3226,0.0
3227,0.0
3228,0.0
3229,0.0
3230,0.0
3231,0.0
3232,0.0
3233,0.0
3234,0.0
3235,0.0
3236,0.0
3237,0.0
3238,0.0
3239,0.0
3240,0.0
3241,0.0
3242,0.0
3243,0.0
3244,0.0
3245,0.0
3246,0.0
3247,0.0
3248,0.0
3249,0.0
3250,0.0
3251,0.0
3252,0.0
3253,0.0
3254,0.0
3255,0.0
3256,0.0
3257,0.0
3258,0.0
3259,0.0
3260,0.0
3261,0.0
3262,0.0
3263,0.0
3264,0.0
3265,0.0
3266,0.0
3267,0.0
3268,0.0
3269,0.0
3270,0.0
3271,0.0
3272,0.0
3273,0.0
3274,0.0
3275,0.0
3276,0.0
3277,0.0
3278,0.0
3279,0.0
3280,0.0
3281,0.0
3282,0.0
3283,0.0
3284,0.0
3285,0.0
3286,0.0
3287,0.0
3288,0.0
3289,0.0
3290,0.0
3291,0.0
3292,0.0
3293,0.0
3294,0.0
3295,0.0
3296,0.0
3297,0.0
3298,0.0
3299,0.0
3300,0.0
3301,0.0
3302,0.0
3303,0.0
3304,0.0
3305,0.0
3306,0.0
3307,0.0
3308,0.0
3309,0.0
3310,0.0
3311,0.0
3312,0.0
3313,0.0
3314,0.0
3315,0.0
3316,0.0
3317,0.0
3318,0.0
3319,0.0
3320,0.0
3321,0.0
3322,0.0
3323,0.0
3324,0.0
3325,0.0
3326,0.0
3327,0.0
3328,0.0
3329,0.0
3330,0.0
3331,0.0
3332,0.0
3333,0.0
3334,0.0
3335,0.0
3336,0.0
3337,0.0
3338,0.0
3339,0.0
3340,0.0
3341,0.0
3342,0.0
3343,0.0
3344,0.0
3345,0.0
3346,0.0
3347,0.0
3348,0.0
3349,0.0
3350,0.0
3351,0.0
3352,0.0
3353,0.0
3354,0.0
3355,0.0
3356,0.0
3357,0.0
3358,0.0
3359,0.0
3360,0.0
3361,0.0
3362,0.0
3363,0.0
3364,0.0
3365,0.0
3366,0.0
3367,0.0
3368,0.0
3369,0.0
3370,0.0
3371,0.0
3372,0.0
3373,0.0
3374,0.0
3375,0.0
3376,0.0
3377,0.0
3378,0.0
3379,0.0
3380,0.0
3381,0.0
3382,0.0
3383,0.0
3384,0.0
3385,0.0
3386,0.0
3387,0.0
3388,0.0
3389,0.0
3390,0.0
3391,0.0
3392,0.0
3393,0.0
3394,0.0
3395,0.0
3396,0.0
3397,0.0
3398,0.0
3399,0.0
3400,0.0
3401,0.0
3402,0.0
3403,0.0
3404,0.0
3405,0.0
3406,0.0
3407,0.0
3408,0.0
3409,0.0
3410,0.0
3411,0.0
3412,0.0
3413,0.0
3414,0.0
3415,0.0
3416,0.0
3417,0.0
3418,0.0
3419,0.0
3420,0.0
3421,0.0
3422,0.0
3423,0.0
3424,0.0
3425,0.0
3426,0.0
3427,0.0
3428,0.0
3429,0.0
3430,0.0
3431,0.0
3432,0.0
3433,0.0
3434,0.0
3435,0.0
3436,0.0
3437,0.0
3438,0.0
3439,0.0
3440,0.0
3441,0.0
3442,0.0
3443,0.0
3444,0.0
3445,0.0
3446,0.0
3447,0.0
3448,0.0
3449,0.0
3450,0.0
3451,0.0
3452,0.0
3453,0.0
3454,0.0
3455,0.0
3456,0.0
3457,0.0
3458,0.0
3459,0.0
3460,0.0
3461,0.0
3462,0.0
3463,0.0
3464,0.0
3465,0.0
3466,0.0
3467,0.0
3468,0.0
3469,0.0
3470,0.0
3471,0.0
3472,0.0
3473,0.0
3474,0.0
3475,0.0
3476,0.0
3477,0.0
3478,0.0
3479,0.0
3480,0.0
3481,0.0
3482,0.0
3483,0.0
3484,0.0
3485,0.0
3486,0.0
3487,0.0
3488,0.0
3489,0.0
3490,0.0
3491,0.0
3492,0.0
3493,0.0
3494,0.0
3495,0.0
3496,0.0
3497,0.0
3498,0.0
3499,0.0
3500,0.0
3501,0.0
3502,0.0
3503,0.0
3504,0.0
3505,0.0
3506,0.0
3507,0.0
3508,0.0
3509,0.0
3510,0.0
3511,0.0
3512,0.0
3513,0.0
3514,0.0
3515,0.0
3516,0.0
3517,0.0
3518,0.0
3519,0.0
3520,0.0
3521,0.0
3522,0.0
3523,0.0
3524,0.0
3525,0.0
3526,0.0
3527,0.0
3528,0.0
3529,0.0
3530,0.0
3531,0.0
3532,0.0
3533,0.0
3534,0.0
3535,0.0
3536,0.0
3537,0.0
3538,0.0
3539,0.0
3540,0.0
3541,0.0
3542,0.0
3543,0.0
3544,0.0
3545,0.0
3546,0.0
3547,0.0
3548,0.0
3549,0.0
3550,0.0
3551,0.0
3552,0.0
3553,0.0
3554,0.0
3555,0.0
3556,0.0
3557,0.0
3558,0.0
3559,0.0
3560,0.0
3561,0.0
3562,0.0
3563,0.0
3564,0.0
3565,0.0
3566,0.0
3567,0.0
3568,0.0
3569,0.0
3570,0.0
3571,0.0
3572,0.0
3573,0.0
3574,0.0
3575,0.0
3576,0.0
3577,0.0
3578,0.0
3579,0.0
3580,0.0
3581,0.0
3582,0.0
3583,0.0
3584,0.0
3585,0.0
3586,0.0
3587,0.0
3588,0.0
3589,0.0
3590,0.0
3591,0.0
3592,0.0
3593,0.0
3594,0.0
3595,0.0
3596,0.0
3597,0.0
3598,0.0
3599,0.0
3600,0.0
3601,0.0
3602,0.0
3603,0.0
3604,0.0
3605,0.0
3606,0.0
3607,0.0
3608,0.0
3609,0.0
3610,0.0
3611,0.0
3612,0.0
3613,0.0
3614,0.0
3615,0.0
3616,0.0
3617,0.0
3618,0.0
3619,0.0
3620,0.0
3621,0.0
3622,0.0
3623,0.0
3624,0.0
3625,0.0
3626,0.0
3627,0.0
3628,0.0
3629,0.0
3630,0.0
3631,0.0
3632,0.0
3633,0.0
3634,0.0
3635,0.0
3636,0.0
3637,0.0
3638,0.0
3639,0.0
3640,0.0
3641,0.0
3642,0.0
3643,0.0
3644,0.0
3645,0.0
3646,0.0
3647,0.0
3648,0.0
3649,0.0
3650,0.0
3651,0.0
3652,0.0
3653,0.0
3654,0.0
3655,0.0
3656,0.0
3657,0.0
3658,0.0
3659,0.0
3660,0.0
3661,0.0
3662,0.0
3663,0.0
3664,0.0
3665,0.0
3666,0.0
3667,0.0
3668,0.0
3669,0.0
3670,0.0
3671,0.0
3672,0.0
3673,0.0
3674,0.0
3675,0.0
3676,0.0
3677,0.0
3678,0.0
3679,0.0
3680,0.0
3681,0.0
3682,0.0
3683,0.0
3684,0.0
3685,0.0
3686,0.0
3687,0.0
3688,0.0
3689,0.0
3690,0.0
3691,0.0
3692,0.0
3693,0.0
3694,0.0
3695,0.0
3696,0.0
3697,0.0
3698,0.0
3699,0.0
3700,0.0
3701,0.0
3702,0.0
3703,0.0
3704,0.0
3705,0.0
3706,0.0
3707,0.0
3708,0.0
3709,0.0
3710,0.0
3711,0.0
3712,0.0
3713,0.0
3714,0.0
3715,0.0
3716,0.0
3717,0.0
3718,0.0
3719,0.0
3720,0.0
3721,0.0
3722,0.0
3723,0.0
3724,0.0
3725,0.0
3726,0.0
3727,0.0
3728,0.0
3729,0.0
3730,0.0
3731,0.0
3732,0.0
3733,0.0
3734,0.0
3735,0.0
3736,0.0
3737,0.0
3738,0.0
3739,0.0
3740,0.0
3741,0.0
3742,0.0
3743,0.0
3744,0.0
3745,0.0
3746,0.0
3747,0.0
3748,0.0
3749,0.0
3750,0.0
3751,0.0
3752,0.0
3753,0.0
3754,0.0
3755,0.0
3756,0.0
3757,0.0
3758,0.0
3759,0.0
3760,0.0
3761,0.0
3762,0.0
3763,0.0
3764,0.0
3765,0.0
3766,0.0
3767,0.0
3768,0.0
3769,0.0
3770,0.0
3771,0.0
3772,0.0
3773,0.0
3774,0.0
3775,0.0
3776,0.0
3777,0.0
3778,0.0
3779,0.0
3780,0.0
3781,0.0
3782,0.0
3783,0.0
3784,0.0
3785,0.0
3786,0.0
3787,0.0
3788,0.0
3789,0.0
3790,0.0
3791,0.0
3792,0.0
3793,0.0
3794,0.0
3795,0.0
3796,0.0
3797,0.0
3798,0.0
3799,0.0
3800,0.0
3801,0.0
3802,0.0
3803,0.0
3804,0.0
3805,0.0
3806,0.0
3807,0.0
3808,0.0
3809,0.0
3810,0.0
3811,0.0
3812,0.0
3813,0.0
3814,0.0
3815,0.0
3816,0.0
3817,0.0
3818,0.0
3819,0.0
3820,0.0
3821,0.0
3822,0.0
3823,0.0
3824,0.0
3825,0.0
3826,0.0
3827,0.0
3828,0.0
3829,0.0
3830,0.0
3831,0.0
3832,0.0
3833,0.0
3834,0.0
3835,0.0
3836,0.0
3837,0.0
3838,0.0
3839,0.0
3840,0.0
3841,0.0
3842,0.0
3843,0.0
3844,0.0
3845,0.0
3846,0.0
3847,0.0
3848,0.0
3849,0.0
3850,0.0
3851,0.0
3852,0.0
3853,0.0
3854,0.0
3855,0.0
3856,0.0
3857,0.0
3858,0.0
3859,0.0
3860,0.0
3861,0.0
3862,0.0
3863,0.0
3864,0.0
3865,0.0
3866,0.0
3867,0.0
3868,0.0
3869,0.0
3870,0.0
3871,0.0
3872,0.0
3873,0.0
3874,0.0
3875,0.0
3876,0.0
3877,0.0
3878,0.0
3879,0.0
3880,0.0
3881,0.0
3882,0.0
3883,0.0
3884,0.0
3885,0.0
3886,0.0
3887,0.0
3888,0.0
3889,0.0
3890,0.0
3891,0.0
3892,0.0
3893,0.0
3894,0.0
3895,0.0
3896,0.0
3897,0.0
3898,0.0
3899,0.0
3900,0.0
3901,0.0
3902,0.0
3903,0.0
3904,0.0
3905,0.0
3906,0.0
3907,0.0
3908,0.0
3909,0.0
3910,0.0
3911,0.0
3912,0.0
3913,0.0
3914,0.0
3915,0.0
3916,0.0
3917,0.0
3918,0.0
3919,0.0
3920,0.0
3921,0.0
3922,0.0
3923,0.0
3924,0.0
3925,0.0
3926,0.0
3927,0.0
3928,0.0
3929,0.0
3930,0.0
3931,0.0
3932,0.0
3933,0.0
3934,0.0
3935,0.0
3936,0.0
3937,0.0
3938,0.0
3939,0.0
3940,0.0
3941,0.0
3942,0.0
3943,0.0
3944,0.0
3945,0.0
3946,0.0
3947,0.0
3948,0.0
3949,0.0
3950,0.0
3951,0.0
3952,0.0
3953,0.0
3954,0.0
3955,0.0
3956,0.0
3957,0.0
3958,0.0
3959,0.0
3960,0.0
3961,0.0
3962,0.0
3963,0.0
3964,0.0
3965,0.0
3966,0.0
3967,0.0
3968,0.0
3969,0.0
3970,0.0
3971,0.0
3972,0.0
3973,0.0
3974,0.0
3975,0.0
3976,0.0
3977,0.0
3978,0.0
3979,0.0
3980,0.0
3981,0.0
3982,0.0
3983,0.0
3984,0.0
3985,0.0
3986,0.0
3987,0.0
3988,0.0
3989,0.0
3990,0.0
3991,0.0
3992,0.0
3993,0.0
3994,0.0
3995,0.0
3996,0.0
3997,0.0
3998,0.0
3999,0.0
4000,0.0
4001,0.0
4002,0.0
4003,0.0
4004,0.0
4005,0.0
4006,0.0
4007,0.0
4008,0.0
4009,0.0
4010,0.0
4011,0.0
4012,0.0
4013,0.0
4014,0.0
4015,0.0
4016,0.0
4017,0.0
4018,0.0
4019,0.0
4020,0.0
4021,0.0
4022,0.0
4023,0.0
4024,0.0
4025,0.0
4026,0.0
4027,0.0
4028,0.0
4029,0.0
4030,0.0
4031,0.0
4032,0.0
4033,0.0
4034,0.0
4035,0.0
4036,0.0
4037,0.0
4038,0.0
4039,0.0
4040,0.0
4041,0.0
4042,0.0
4043,0.0
4044,0.0
4045,0.0
4046,0.0
4047,0.0
4048,0.0
4049,0.0
4050,0.0
4051,0.0
4052,0.0
4053,0.0
4054,0.0
4055,0.0
4056,0.0
4057,0.0
4058,0.0
4059,0.0
4060,0.0
4061,0.0
4062,0.0
4063,0.0
4064,0.0
4065,0.0
4066,0.0
4067,0.0
4068,0.0
4069,0.0
4070,0.0
4071,0.0
4072,0.0
4073,0.0
4074,0.0
4075,0.0
4076,0.0
4077,0.0
4078,0.0
4079,0.0
4080,0.0
4081,0.0
4082,0.0
4083,0.0
4084,0.0
4085,0.0
4086,0.0
4087,0.0
4088,0.0
4089,0.0
4090,0.0
4091,0.0
4092,0.0
4093,0.0
4094,0.0
4095,0.0
4096,0.0
4097,0.0
4098,0.0
4099,0.0
4100,0.0
4101,0.0
4102,0.0
4103,0.0
4104,0.0
4105,0.0
4106,0.0
4107,0.0
4108,0.0
4109,0.0
4110,0.0
4111,0.0
4112,0.0
4113,0.0
4114,0.0
4115,0.0
4116,0.0
4117,0.0
4118,0.0
4119,0.0
4120,0.0
4121,0.0
4122,0.0
4123,0.0
4124,0.0
4125,0.0
4126,0.0
4127,0.0
4128,0.0
4129,0.0
4130,0.0
4131,0.0
4132,0.0
4133,0.0
4134,0.0
4135,0.0
4136,0.0
4137,0.0
4138,0.0
4139,0.0
4140,0.0
4141,0.0
4142,0.0
4143,0.0
4144,0.0
4145,0.0
4146,0.0
4147,0.0
4148,0.0
4149,0.0
4150,0.0
4151,0.0
4152,0.0
4153,0.0
4154,0.0
4155,0.0
4156,0.0
4157,0.0
4158,0.0
4159,0.0
4160,0.0
4161,0.0
4162,0.0
4163,0.0
4164,0.0
4165,0.0
4166,0.0
4167,0.0
4168,0.0
4169,0.0
4170,0.0
4171,0.0
4172,0.0
4173,0.0
4174,0.0
4175,0.0
4176,0.0
4177,0.0
4178,0.0
4179,0.0
4180,0.0
4181,0.0
4182,0.0
4183,0.0
4184,0.0
4185,0.0
4186,0.0
4187,0.0
4188,0.0
4189,0.0
4190,0.0
4191,0.0
4192,0.0
4193,0.0
4194,0.0
4195,0.0
4196,0.0
4197,0.0
4198,0.0
4199,0.0
4200,0.0
4201,0.0
4202,0.0
4203,0.0
4204,0.0
4205,0.0
4206,0.0
4207,0.0
4208,0.0
4209,0.0
4210,0.0
4211,0.0
4212,0.0
4213,0.0
4214,0.0
4215,0.0
4216,0.0
4217,0.0
4218,0.0
4219,0.0
4220,0.0
4221,0.0
4222,0.0
4223,0.0
4224,0.0
4225,0.0
4226,0.0
4227,0.0
4228,0.0
4229,0.0
4230,0.0
4231,0.0
4232,0.0
4233,0.0
4234,0.0
4235,0.0
4236,0.0
4237,0.0
4238,0.0
4239,0.0
4240,0.0
4241,0.0
4242,0.0
4243,0.0
4244,0.0
4245,0.0
4246,0.0
4247,0.0
4248,0.0
4249,0.0
4250,0.0
4251,0.0
4252,0.0
4253,0.0
4254,0.0
4255,0.0
4256,0.0
4257,0.0
4258,0.0
4259,0.0
4260,0.0
4261,0.0
4262,0.0
4263,0.0
4264,0.0
4265,0.0
4266,0.0
4267,0.0
4268,0.0
4269,0.0
4270,0.0
4271,0.0
4272,0.0
4273,0.0
4274,0.0
4275,0.0
4276,0.0
4277,0.0
4278,0.0
4279,0.0
4280,0.0
4281,0.0
4282,0.0
4283,0.0
4284,0.0
4285,0.0
4286,0.0
4287,0.0
4288,0.0
4289,0.0
4290,0.0
4291,0.0
4292,0.0
4293,0.0
4294,0.0
4295,0.0
4296,0.0
4297,0.0
4298,0.0
4299,0.0
4300,0.0
4301,0.0
4302,0.0
4303,0.0
4304,0.0
4305,0.0
4306,0.0
4307,0.0
4308,0.0
4309,0.0
4310,0.0
4311,0.0
4312,0.0
4313,0.0
4314,0.0
4315,0.0
4316,0.0
4317,0.0
4318,0.0
4319,0.0
4320,0.0
4321,0.0
4322,0.0
4323,0.0
4324,0.0
4325,0.0
4326,0.0
4327,0.0
4328,0.0
4329,0.0
4330,0.0
4331,0.0
4332,0.0
4333,0.0
4334,0.0
4335,0.0
4336,0.0
4337,0.0
4338,0.0
4339,0.0
4340,0.0
4341,0.0
4342,0.0
4343,0.0
4344,0.0
4345,0.0
4346,0.0
4347,0.0
4348,0.0
4349,0.0
4350,0.0
4351,0.0
4352,0.0
4353,0.0
4354,0.0
4355,0.0
4356,0.0
4357,0.0
4358,0.0
4359,0.0
4360,0.0
4361,0.0
4362,0.0
4363,0.0
4364,0.0
4365,0.0
4366,0.0
4367,0.0
4368,0.0
4369,0.0
4370,0.0
4371,0.0
4372,0.0
4373,0.0
4374,0.0
4375,0.0
4376,0.0
4377,0.0
4378,0.0
4379,0.0
4380,0.0
4381,0.0
4382,0.0
4383,0.0
4384,0.0
4385,0.0
4386,0.0
4387,0.0
4388,0.0
4389,0.0
4390,0.0
4391,0.0
4392,0.0
4393,0.0
4394,0.0
4395,0.0
4396,0.0
4397,0.0
4398,0.0
4399,0.0
4400,0.0
4401,0.0
4402,0.0
4403,0.0
4404,0.0
4405,0.0
4406,0.0
4407,0.0
4408,0.0
4409,0.0
4410,0.0
4411,0.0
4412,0.0
4413,0.0
4414,0.0
4415,0.0
4416,0.0
4417,0.0
4418,0.0
4419,0.0
4420,0.0
4421,0.0
4422,0.0
4423,0.0
4424,0.0
4425,0.0
4426,0.0
4427,0.0
4428,0.0
4429,0.0
4430,0.0
4431,0.0
4432,0.0
4433,0.0
4434,0.0
4435,0.0
4436,0.0
4437,0.0
4438,0.0
4439,0.0
4440,0.0
4441,0.0
4442,0.0
4443,0.0
4444,0.0
4445,0.0
4446,0.0
4447,0.0
4448,0.0
4449,0.0
4450,0.0
4451,0.0
4452,0.0
4453,0.0
4454,0.0
4455,0.0
4456,0.0
4457,0.0
4458,0.0
4459,0.0
4460,0.0
4461,0.0
4462,0.0
4463,0.0
4464,0.0
4465,0.0
4466,0.0
4467,0.0
4468,0.0
4469,0.0
4470,0.0
4471,0.0
4472,0.0
4473,0.0
4474,0.0
4475,0.0
4476,0.0
4477,0.0
4478,0.0
4479,0.0
4480,0.0
4481,0.0
4482,0.0
4483,0.0
4484,0.0
4485,0.0
4486,0.0
4487,0.0
4488,0.0
4489,0.0
4490,0.0
4491,0.0
4492,0.0
4493,0.0
4494,0.0
4495,0.0
4496,0.0
4497,0.0
4498,0.0
4499,0.0
4500,0.0
4501,0.0
4502,0.0
4503,0.0
4504,0.0
4505,0.0
4506,0.0
4507,0.0
4508,0.0
4509,0.0
4510,0.0
4511,0.0
4512,0.0
4513,0.0
4514,0.0
4515,0.0
4516,0.0
4517,0.0
4518,0.0
4519,0.0
4520,0.0
4521,0.0
4522,0.0
4523,0.0
4524,0.0
4525,0.0
4526,0.0
4527,0.0
4528,0.0
4529,0.0
4530,0.0
4531,0.0
4532,0.0
4533,0.0
4534,0.0
4535,0.0
4536,0.0
4537,0.0
4538,0.0
4539,0.0
4540,0.0
4541,0.0
4542,0.0
4543,0.0
4544,0.0
4545,0.0
4546,0.0
4547,0.0
4548,0.0
4549,0.0
4550,0.0
4551,0.0
4552,0.0
4553,0.0
4554,0.0
4555,0.0
4556,0.0
4557,0.0
4558,0.0
4559,0.0
4560,0.0
4561,0.0
4562,0.0
4563,0.0
4564,0.0
4565,0.0
4566,0.0
4567,0.0
4568,0.0
4569,0.0
4570,0.0
4571,0.0
4572,0.0
4573,0.0
4574,0.0
4575,0.0
4576,0.0
4577,0.0
4578,0.0
4579,0.0
4580,0.0
4581,0.0
4582,0.0
4583,0.0
4584,0.0
4585,0.0
4586,0.0
4587,0.0
4588,0.0
4589,0.0
4590,0.0
4591,0.0
4592,0.0
4593,0.0
4594,0.0
4595,0.0
4596,0.0
4597,0.0
4598,0.0
4599,0.0
4600,0.0
4601,0.0
4602,0.0
4603,0.0
4604,0.0
4605,0.0
4606,0.0
4607,0.0
4608,0.0
4609,0.0
4610,0.0
4611,0.0
4612,0.0
4613,0.0
4614,0.0
4615,0.0
4616,0.0
4617,0.0
4618,0.0
4619,0.0
4620,0.0
4621,0.0
4622,0.0
4623,0.0
4624,0.0
4625,0.0
4626,0.0
4627,0.0
4628,0.0
4629,0.0
4630,0.0
4631,0.0
4632,0.0
4633,0.0
4634,0.0
4635,0.0
4636,0.0
4637,0.0
4638,0.0
4639,0.0
4640,0.0
4641,0.0
4642,0.0
4643,0.0
4644,0.0
4645,0.0
4646,0.0
4647,0.0
4648,0.0
4649,0.0
4650,0.0
4651,0.0
4652,0.0
4653,0.0
4654,0.0
4655,0.0
4656,0.0
4657,0.0
4658,0.0
4659,0.0
4660,0.0
4661,0.0
4662,0.0
4663,0.0
4664,0.0
4665,0.0
4666,0.0
4667,0.0
4668,0.0
4669,0.0
4670,0.0
4671,0.0
4672,0.0
4673,0.0
4674,0.0
4675,0.0
4676,0.0
4677,0.0
4678,0.0
4679,0.0
4680,0.0
4681,0.0
4682,0.0
4683,0.0
4684,0.0
4685,0.0
4686,0.0
4687,0.0
4688,0.0
4689,0.0
4690,0.0
4691,0.0
4692,0.0
4693,0.0
4694,0.0
4695,0.0
4696,0.0
4697,0.0
4698,0.0
4699,0.0
4700,0.0
4701,0.0
4702,0.0
4703,0.0
4704,0.0
4705,0.0
4706,0.0
4707,0.0
4708,0.0
4709,0.0
4710,0.0
4711,0.0
4712,0.0
4713,0.0
4714,0.0
4715,0.0
4716,0.0
4717,0.0
4718,0.0
4719,0.0
4720,0.0
4721,0.0
4722,0.0
4723,0.0
4724,0.0
4725,0.0
4726,0.0
4727,0.0
4728,0.0
4729,0.0
4730,0.0
4731,0.0
4732,0.0
4733,0.0
4734,0.0
4735,0.0
4736,0.0
4737,0.0
4738,0.0
4739,0.0
4740,0.0
4741,0.0
4742,0.0
4743,0.0
4744,0.0
4745,0.0
4746,0.0
4747,0.0
4748,0.0
4749,0.0
4750,0.0
4751,0.0
4752,0.0
4753,0.0
4754,0.0
4755,0.0
4756,0.0
4757,0.0
4758,0.0
4759,0.0
4760,0.0
4761,0.0
4762,0.0
4763,0.0
4764,0.0
4765,0.0
4766,0.0
4767,0.0
4768,0.0
4769,0.0
4770,0.0
4771,0.0
4772,0.0
4773,0.0
4774,0.0
4775,0.0
4776,0.0
4777,0.0
4778,0.0
4779,0.0
4780,0.0
4781,0.0
4782,0.0
4783,0.0
4784,0.0
4785,0.0
4786,0.0
4787,0.0
4788,0.0
4789,0.0
4790,0.0
4791,0.0
4792,0.0
4793,0.0
4794,0.0
4795,0.0
4796,0.0
4797,0.0
4798,0.0
4799,0.0
4800,0.0
4801,0.0
4802,0.0
4803,0.0
4804,0.0
4805,0.0
4806,0.0
4807,0.0
4808,0.0
4809,0.0
4810,0.0
4811,0.0
4812,0.0
4813,0.0
4814,0.0
4815,0.0
4816,0.0
4817,0.0
4818,0.0
4819,0.0
4820,0.0
4821,0.0
4822,0.0
4823,0.0
4824,0.0
4825,0.0
4826,0.0
4827,0.0
4828,0.0
4829,0.0
4830,0.0
4831,0.0
4832,0.0
4833,0.0
4834,0.0
4835,0.0
4836,0.0
4837,0.0
4838,0.0
4839,0.0
4840,0.0
4841,0.0
4842,0.0
4843,0.0
4844,0.0
4845,0.0
4846,0.0
4847,0.0
4848,0.0
4849,0.0
4850,0.0
4851,0.0
4852,0.0
4853,0.0
4854,0.0
4855,0.0
4856,0.0
4857,0.0
4858,0.0
4859,0.0
4860,0.0
4861,0.0
4862,0.0
4863,0.0
4864,0.0
4865,0.0
4866,0.0
4867,0.0
4868,0.0
4869,0.0
4870,0.0
4871,0.0
4872,0.0
4873,0.0
4874,0.0
4875,0.0
4876,0.0
4877,0.0
4878,0.0
4879,0.0
4880,0.0
4881,0.0
4882,0.0
4883,0.0
4884,0.0
4885,0.0
4886,0.0
4887,0.0
4888,0.0
4889,0.0
4890,0.0
4891,0.0
4892,0.0
4893,0.0
4894,0.0
4895,0.0
4896,0.0
4897,0.0
4898,0.0
4899,0.0
4900,0.0
4901,0.0
4902,0.0
4903,0.0
4904,0.0
4905,0.0
4906,0.0
4907,0.0
4908,0.0
4909,0.0
4910,0.0
4911,0.0
4912,0.0
4913,0.0
4914,0.0
4915,0.0
4916,0.0
4917,0.0
4918,0.0
4919,0.0
4920,0.0
4921,0.0
4922,0.0
4923,0.0
4924,0.0
4925,0.0
4926,0.0
4927,0.0
4928,0.0
4929,0.0
4930,0.0
4931,0.0
4932,0.0
4933,0.0
4934,0.0
4935,0.0
4936,0.0
4937,0.0
4938,0.0
4939,0.0
4940,0.0
4941,0.0
4942,0.0
4943,0.0
4944,0.0
4945,0.0
4946,0.0
4947,0.0
4948,0.0
4949,0.0
4950,0.0
4951,0.0
4952,0.0
4953,0.0
4954,0.0
4955,0.0
4956,0.0
4957,0.0
4958,0.0
4959,0.0
4960,0.0
4961,0.0
4962,0.0
4963,0.0
4964,0.0
4965,0.0
4966,0.0
4967,0.0
4968,0.0
4969,0.0
4970,0.0
4971,0.0
4972,0.0
4973,0.0
4974,0.0
4975,0.0
4976,0.0
4977,0.0
4978,0.0
4979,0.0
4980,0.0
4981,0.0
4982,0.0
4983,0.0
4984,0.0
4985,0.0
4986,0.0
4987,0.0
4988,0.0
4989,0.0
4990,0.0
4991,0.0
4992,0.0
4993,0.0
4994,0.0
4995,0.0
4996,0.0
4997,0.0
4998,0.0
4999,0.0
5000,0.0
5001,0.0
5002,0.0
5003,0.0
5004,0.0
5005,0.0
5006,0.0
5007,0.0
5008,0.0
5009,0.0
5010,0.0
5011,0.0
5012,0.0
5013,0.0
5014,0.0
5015,0.0
5016,0.0
5017,0.0
5018,0.0
5019,0.0
5020,0.0
5021,0.0
5022,0.0
5023,0.0
5024,0.0
5025,0.0
5026,0.0
5027,0.0
5028,0.0
5029,0.0
5030,0.0
5031,0.0
5032,0.0
5033,0.0
5034,0.0
5035,0.0
5036,0.0
5037,0.0
5038,0.0
5039,0.0
5040,0.0
5041,0.0
5042,0.0
5043,0.0
5044,0.0
5045,0.0
5046,0.0
5047,0.0
5048,0.0
5049,0.0
5050,0.0
5051,0.0
5052,0.0
5053,0.0
5054,0.0
5055,0.0
5056,0.0
5057,0.0
5058,0.0
5059,0.0
5060,0.0
5061,0.0
5062,0.0
5063,0.0
5064,0.0
5065,0.0
5066,0.0
5067,0.0
5068,0.0
5069,0.0
5070,0.0
5071,0.0
5072,0.0
5073,0.0
5074,0.0
5075,0.0
5076,0.0
5077,0.0
5078,0.0
5079,0.0
5080,0.0
5081,0.0
5082,0.0
5083,0.0
5084,0.0
5085,0.0
5086,0.0
5087,0.0
5088,0.0
5089,0.0
5090,0.0
5091,0.0
5092,0.0
5093,0.0
5094,0.0
5095,0.0
5096,0.0
5097,0.0
5098,0.0
5099,0.0
5100,0.0
5101,0.0
5102,0.0
5103,0.0
5104,0.0
5105,0.0
5106,0.0
5107,0.0
5108,0.0
5109,0.0
5110,0.0
5111,0.0
5112,0.0
5113,0.0
5114,0.0
5115,0.0
5116,0.0
5117,0.0
5118,0.0
5119,0.0
5120,0.0
5121,0.0
5122,0.0
5123,0.0
5124,0.0
5125,0.0
5126,0.0
5127,0.0
5128,0.0
5129,0.0
5130,0.0
5131,0.0
5132,0.0
5133,0.0
5134,0.0
5135,0.0
5136,0.0
5137,0.0
5138,0.0
5139,0.0
5140,0.0
5141,0.0
5142,0.0
5143,0.0
5144,0.0
5145,0.0
5146,0.0
5147,0.0
5148,0.0
5149,0.0
5150,0.0
5151,0.0
5152,0.0
5153,0.0
5154,0.0
5155,0.0
5156,0.0
5157,0.0
5158,0.0
5159,0.0
5160,0.0
5161,0.0
5162,0.0
5163,0.0
5164,0.0
5165,0.0
5166,0.0
5167,0.0
5168,0.0
5169,0.0
5170,0.0
5171,0.0
5172,0.0
5173,0.0
5174,0.0
5175,0.0
5176,0.0
5177,0.0
5178,0.0
5179,0.0
5180,0.0
5181,0.0
5182,0.0
5183,0.0
5184,0.0
5185,0.0
5186,0.0
5187,0.0
5188,0.0
5189,0.0
5190,0.0
5191,0.0
5192,0.0
5193,0.0
5194,0.0
5195,0.0
5196,0.0
5197,0.0
5198,0.0
5199,0.0
5200,0.0
5201,0.0
5202,0.0
5203,0.0
5204,0.0
5205,0.0
5206,0.0
5207,0.0
5208,0.0
5209,0.0
5210,0.0
5211,0.0
5212,0.0
5213,0.0
5214,0.0
5215,0.0
5216,0.0
5217,0.0
5218,0.0
5219,0.0
5220,0.0
5221,0.0
5222,0.0
5223,0.0
5224,0.0
5225,0.0
5226,0.0
5227,0.0
5228,0.0
5229,0.0
5230,0.0
5231,0.0
5232,0.0
5233,0.0
5234,0.0
5235,0.0
5236,0.0
5237,0.0
5238,0.0
5239,0.0
5240,0.0
5241,0.0
5242,0.0
5243,0.0
5244,0.0
5245,0.0
5246,0.0
5247,0.0
5248,0.0
5249,0.0
5250,0.0
5251,0.0
5252,0.0
5253,0.0
5254,0.0
5255,0.0
5256,0.0
5257,0.0
5258,0.0
5259,0.0
5260,0.0
5261,0.0
5262,0.0
5263,0.0
5264,0.0
5265,0.0
5266,0.0
5267,0.0
5268,0.0
5269,0.0
5270,0.0
5271,0.0
5272,0.0
5273,0.0
5274,0.0
5275,0.0
5276,0.0
5277,0.0
5278,0.0
5279,0.0
5280,0.0
5281,0.0
5282,0.0
5283,0.0
5284,0.0
5285,0.0
5286,0.0
5287,0.0
5288,0.0
5289,0.0
5290,0.0
5291,0.0
5292,0.0
5293,0.0
5294,0.0
5295,0.0
5296,0.0
5297,0.0
5298,0.0
5299,0.0
5300,0.0
5301,0.0
5302,0.0
5303,0.0
5304,0.0
5305,0.0
5306,0.0
5307,0.0
5308,0.0
5309,0.0
5310,0.0
5311,0.0
5312,0.0
5313,0.0
5314,0.0
5315,0.0
5316,0.0
5317,0.0
5318,0.0
5319,0.0
5320,0.0
5321,0.0
5322,0.0
5323,0.0
5324,0.0
5325,0.0
5326,0.0
5327,0.0
5328,0.0
5329,0.0
5330,0.0
5331,0.0
5332,0.0
5333,0.0
5334,0.0
5335,0.0
5336,0.0
5337,0.0
5338,0.0
5339,0.0
5340,0.0
5341,0.0
5342,0.0
5343,0.0
5344,0.0
5345,0.0
5346,0.0
5347,0.0
5348,0.0
5349,0.0
5350,0.0
5351,0.0
5352,0.0
5353,0.0
5354,0.0
5355,0.0
5356,0.0
5357,0.0
5358,0.0
5359,0.0
5360,0.0
5361,0.0
5362,0.0
5363,0.0
5364,0.0
5365,0.0
5366,0.0
5367,0.0
5368,0.0
5369,0.0
5370,0.0
5371,0.0
5372,0.0
5373,0.0
5374,0.0
5375,0.0
5376,0.0
5377,0.0
5378,0.0
5379,0.0
5380,0.0
5381,0.0
5382,0.0
5383,0.0
5384,0.0
5385,0.0
5386,0.0
5387,0.0
5388,0.0
5389,0.0
5390,0.0
5391,0.0
5392,0.0
5393,0.0
5394,0.0
5395,0.0
5396,0.0
5397,0.0
5398,0.0
5399,0.0
5400,0.0
5401,0.0
5402,0.0
5403,0.0
5404,0.0
5405,0.0
5406,0.0
5407,0.0
5408,0.0
5409,0.0
5410,0.0
5411,0.0
5412,0.0
5413,0.0
5414,0.0
5415,0.0
5416,0.0
5417,0.0
5418,0.0
5419,0.0
5420,0.0
5421,0.0
5422,0.0
5423,0.0
5424,0.0
5425,0.0
5426,0.0
5427,0.0
5428,0.0
5429,0.0
5430,0.0
5431,0.0
5432,0.0
5433,0.0
5434,0.0
5435,0.0
5436,0.0
5437,0.0
5438,0.0
5439,0.0
5440,0.0
5441,0.0
5442,0.0
5443,0.0
5444,0.0
5445,0.0
5446,0.0
5447,0.0
5448,0.0
5449,0.0
5450,0.0
5451,0.0
5452,0.0
5453,0.0
5454,0.0
5455,0.0
5456,0.0
5457,0.0
5458,0.0
5459,0.0
5460,0.0
5461,0.0
5462,0.0
5463,0.0
5464,0.0
5465,0.0
5466,0.0
5467,0.0
5468,0.0
5469,0.0
5470,0.0
5471,0.0
5472,0.0
5473,0.0
5474,0.0
5475,0.0
5476,0.0
5477,0.0
5478,0.0
5479,0.0
5480,0.0
5481,0.0
5482,0.0
5483,0.0
5484,0.0
5485,0.0
5486,0.0
5487,0.0
5488,0.0
5489,0.0
5490,0.0
5491,0.0
5492,0.0
5493,0.0
5494,0.0
5495,0.0
5496,0.0
5497,0.0
5498,0.0
5499,0.0
5500,0.0
5501,0.0
5502,0.0
5503,0.0
5504,0.0
5505,0.0
5506,0.0
5507,0.0
5508,0.0
5509,0.0
5510,0.0
5511,0.0
5512,0.0
5513,0.0
5514,0.0
5515,0.0
5516,0.0
5517,0.0
5518,0.0
5519,0.0
5520,0.0
5521,0.0
5522,0.0
5523,0.0
5524,0.0
5525,0.0
5526,0.0
5527,0.0
5528,0.0
5529,0.0
5530,0.0
5531,0.0
5532,0.0
5533,0.0
5534,0.0
5535,0.0
5536,0.0
5537,0.0
5538,0.0
5539,0.0
5540,0.0
5541,0.0
5542,0.0
5543,0.0
5544,0.0
5545,0.0
5546,0.0
5547,0.0
5548,0.0
5549,0.0
5550,0.0
5551,0.0
5552,0.0
5553,0.0
5554,0.0
5555,0.0
5556,0.0
5557,0.0
5558,0.0
5559,0.0
5560,0.0
5561,0.0
5562,0.0
5563,0.0
5564,0.0
5565,0.0
5566,0.0
5567,0.0
5568,0.0
5569,0.0
5570,0.0
5571,0.0
5572,0.0
5573,0.0
5574,0.0
5575,0.0
5576,0.0
5577,0.0
5578,0.0
5579,0.0
5580,0.0
5581,0.0
5582,0.0
5583,0.0
5584,0.0
5585,0.0
5586,0.0
5587,0.0
5588,0.0
5589,0.0
5590,0.0
5591,0.0
5592,0.0
5593,0.0
5594,0.0
5595,0.0
5596,0.0
5597,0.0
5598,0.0
5599,0.0
5600,0.0
5601,0.0
5602,0.0
5603,0.0
5604,0.0
5605,0.0
5606,0.0
5607,0.0
5608,0.0
5609,0.0
5610,0.0
5611,0.0
5612,0.0
5613,0.0
5614,0.0
5615,0.0
5616,0.0
5617,0.0
5618,0.0
5619,0.0
5620,0.0
5621,0.0
5622,0.0
5623,0.0
5624,0.0
5625,0.0
5626,0.0
5627,0.0
5628,0.0
5629,0.0
5630,0.0
5631,0.0
5632,0.0
5633,0.0
5634,0.0
5635,0.0
5636,0.0
5637,0.0
5638,0.0
5639,0.0
5640,0.0
5641,0.0
5642,0.0
5643,0.0
5644,0.0
5645,0.0
5646,0.0
5647,0.0
5648,0.0
5649,0.0
5650,0.0
5651,0.0
5652,0.0
5653,0.0
5654,0.0
5655,0.0
5656,0.0
5657,0.0
5658,0.0
5659,0.0
5660,0.0
5661,0.0
5662,0.0
5663,0.0
5664,0.0
5665,0.0
5666,0.0
5667,0.0
5668,0.0
5669,0.0
5670,0.0
5671,0.0
5672,0.0
5673,0.0
5674,0.0
5675,0.0
5676,0.0
5677,0.0
5678,0.0
5679,0.0
5680,0.0
5681,0.0
5682,0.0
5683,0.0
5684,0.0
5685,0.0
5686,0.0
5687,0.0
5688,0.0
5689,0.0
5690,0.0
5691,0.0
5692,0.0
5693,0.0
5694,0.0
5695,0.0
5696,0.0
5697,0.0
5698,0.0
5699,0.0
5700,0.0
5701,0.0
5702,0.0
5703,0.0
5704,0.0
5705,0.0
5706,0.0
5707,0.0
5708,0.0
5709,0.0
5710,0.0
5711,0.0
5712,0.0
5713,0.0
5714,0.0
5715,0.0
5716,0.0
5717,0.0
5718,0.0
5719,0.0
5720,0.0
5721,0.0
5722,0.0
5723,0.0
5724,0.0
5725,0.0
5726,0.0
5727,0.0
5728,0.0
5729,0.0
5730,0.0
5731,0.0
5732,0.0
5733,0.0
5734,0.0
5735,0.0
5736,0.0
5737,0.0
5738,0.0
5739,0.0
5740,0.0
5741,0.0
5742,0.0
5743,0.0
5744,0.0
5745,0.0
5746,0.0
5747,0.0
5748,0.0
5749,0.0
5750,0.0
5751,0.0
5752,0.0
5753,0.0
5754,0.0
5755,0.0
5756,0.0
5757,0.0
5758,0.0
5759,0.0
5760,0.0
5761,0.0
5762,0.0
5763,0.0
5764,0.0
5765,0.0
5766,0.0
5767,0.0
5768,0.0
5769,0.0
5770,0.0
5771,0.0
5772,0.0
5773,0.0
5774,0.0
5775,0.0
5776,0.0
5777,0.0
5778,0.0
5779,0.0
5780,0.0
5781,0.0
5782,0.0
5783,0.0
5784,0.0
5785,0.0
5786,0.0
5787,0.0
5788,0.0
5789,0.0
5790,0.0
5791,0.0
5792,0.0
5793,0.0
5794,0.0
5795,0.0
5796,0.0
5797,0.0
5798,0.0
5799,0.0
5800,0.0
5801,0.0
5802,0.0
5803,0.0
5804,0.0
5805,0.0
5806,0.0
5807,0.0
5808,0.0
5809,0.0
5810,0.0
5811,0.0
5812,0.0
5813,0.0
5814,0.0
5815,0.0
5816,0.0
5817,0.0
5818,0.0
5819,0.0
5820,0.0
5821,0.0
5822,0.0
5823,0.0
5824,0.0
5825,0.0
5826,0.0
5827,0.0
5828,0.0
5829,0.0
5830,0.0
5831,0.0
5832,0.0
5833,0.0
5834,0.0
5835,0.0
5836,0.0
5837,0.0
5838,0.0
5839,0.0
5840,0.0
5841,0.0
5842,0.0
5843,0.0
5844,0.0
5845,0.0
5846,0.0
5847,0.0
5848,0.0
5849,0.0
5850,0.0
5851,0.0
5852,0.0
5853,0.0
5854,0.0
5855,0.0
5856,0.0
5857,0.0
5858,0.0
5859,0.0
5860,0.0
5861,0.0
5862,0.0
5863,0.0
5864,0.0
5865,0.0
5866,0.0
5867,0.0
5868,0.0
5869,0.0
5870,0.0
5871,0.0
5872,0.0
5873,0.0
5874,0.0
5875,0.0
5876,0.0
5877,0.0
5878,0.0
5879,0.0
5880,0.0
5881,0.0
5882,0.0
5883,0.0
5884,0.0
5885,0.0
5886,0.0
5887,0.0
5888,0.0
5889,0.0
5890,0.0
5891,0.0
5892,0.0
5893,0.0
5894,0.0
5895,0.0
5896,0.0
5897,0.0
5898,0.0
5899,0.0
5900,0.0
5901,0.0
5902,0.0
5903,0.0
5904,0.0
5905,0.0
5906,0.0
5907,0.0
5908,0.0
5909,0.0
5910,0.0
5911,0.0
5912,0.0
5913,0.0
5914,0.0
5915,0.0
5916,0.0
5917,0.0
5918,0.0
5919,0.0
5920,0.0
5921,0.0
5922,0.0
5923,0.0
5924,0.0
5925,0.0
5926,0.0
5927,0.0
5928,0.0
5929,0.0
5930,0.0
5931,0.0
5932,0.0
5933,0.0
5934,0.0
5935,0.0
5936,0.0
5937,0.0
5938,0.0
5939,0.0
5940,0.0
5941,0.0
5942,0.0
5943,0.0
5944,0.0
5945,0.0
5946,0.0
5947,0.0
5948,0.0
5949,0.0
5950,0.0
5951,0.0
5952,0.0
5953,0.0
5954,0.0
5955,0.0
5956,0.0
5957,0.0
5958,0.0
5959,0.0
5960,0.0
5961,0.0
5962,0.0
5963,0.0
5964,0.0
5965,0.0
5966,0.0
5967,0.0
5968,0.0
5969,0.0
5970,0.0
5971,0.0
5972,0.0
5973,0.0
5974,0.0
5975,0.0
5976,0.0
5977,0.0
5978,0.0
5979,0.0
5980,0.0
5981,0.0
5982,0.0
5983,0.0
5984,0.0
5985,0.0
5986,0.0
5987,0.0
5988,0.0
5989,0.0
5990,0.0
5991,0.0
5992,0.0
5993,0.0
5994,0.0
5995,0.0
5996,0.0
5997,0.0
5998,0.0
5999,0.0
6000,0.0
6001,0.0
6002,0.0
6003,0.0
6004,0.0
6005,0.0
6006,0.0
6007,0.0
6008,0.0
6009,0.0
6010,0.0
6011,0.0
6012,0.0
6013,0.0
6014,0.0
6015,0.0
6016,0.0
6017,0.0
6018,0.0
6019,0.0
6020,0.0
6021,0.0
6022,0.0
6023,0.0
6024,0.0
6025,0.0
6026,0.0
6027,0.0
6028,0.0
6029,0.0
6030,0.0
6031,0.0
6032,0.0
6033,0.0
6034,0.0
6035,0.0
6036,0.0
6037,0.0
6038,0.0
6039,0.0
6040,0.0
6041,0.0
6042,0.0
6043,0.0
6044,0.0
6045,0.0
6046,0.0
6047,0.0
6048,0.0
6049,0.0
6050,0.0
6051,0.0
6052,0.0
6053,0.0
6054,0.0
6055,0.0
6056,0.0
6057,0.0
6058,0.0
6059,0.0
6060,0.0
6061,0.0
6062,0.0
6063,0.0
6064,0.0
6065,0.0
6066,0.0
6067,0.0
6068,0.0
6069,0.0
6070,0.0
6071,0.0
6072,0.0
6073,0.0
6074,0.0
6075,0.0
6076,0.0
6077,0.0
6078,0.0
6079,0.0
6080,0.0
6081,0.0
6082,0.0
6083,0.0
6084,0.0
6085,0.0
6086,0.0
6087,0.0
6088,0.0
6089,0.0
6090,0.0
6091,0.0
6092,0.0
6093,0.0
6094,0.0
6095,0.0
6096,0.0
6097,0.0
6098,0.0
6099,0.0
6100,0.0
6101,0.0
6102,0.0
6103,0.0
6104,0.0
6105,0.0
6106,0.0
6107,0.0
6108,0.0
6109,0.0
6110,0.0
6111,0.0
6112,0.0
6113,0.0
6114,0.0
6115,0.0
6116,0.0
6117,0.0
6118,0.0
6119,0.0
6120,0.0
6121,0.0
6122,0.0
6123,0.0
6124,0.0
6125,0.0
6126,0.0
6127,0.0
6128,0.0
6129,0.0
6130,0.0
6131,0.0
6132,0.0
6133,0.0
6134,0.0
6135,0.0
6136,0.0
6137,0.0
6138,0.0
6139,0.0
6140,0.0
6141,0.0
6142,0.0
6143,0.0
6144,0.0
6145,0.0
6146,0.0
6147,0.0
6148,0.0
6149,0.0
6150,0.0
6151,0.0
6152,0.0
6153,0.0
6154,0.0
6155,0.0
6156,0.0
6157,0.0
6158,0.0
6159,0.0
6160,0.0
6161,0.0
6162,0.0
6163,0.0
6164,0.0
6165,0.0
6166,0.0
6167,0.0
6168,0.0
6169,0.0
6170,0.0
6171,0.0
6172,0.0
6173,0.0
6174,0.0
6175,0.0
6176,0.0
6177,0.0
6178,0.0
6179,0.0
6180,0.0
6181,0.0
6182,0.0
6183,0.0
6184,0.0
6185,0.0
6186,0.0
6187,0.0
6188,0.0
6189,0.0
6190,0.0
6191,0.0
6192,0.0
6193,0.0
6194,0.0
6195,0.0
6196,0.0
6197,0.0
6198,0.0
6199,0.0
6200,0.0
6201,0.0
6202,0.0
6203,0.0
6204,0.0
6205,0.0
6206,0.0
6207,0.0
6208,0.0
6209,0.0
6210,0.0
6211,0.0
6212,0.0
6213,0.0
6214,0.0
6215,0.0
6216,0.0
6217,0.0
6218,0.0
6219,0.0
6220,0.0
6221,0.0
6222,0.0
6223,0.0
6224,0.0
6225,0.0
6226,0.0
6227,0.0
6228,0.0
6229,0.0
6230,0.0
6231,0.0
6232,0.0
6233,0.0
6234,0.0
6235,0.0
6236,0.0
6237,0.0
6238,0.0
6239,0.0
6240,0.0
6241,0.0
6242,0.0
6243,0.0
6244,0.0
6245,0.0
6246,0.0
6247,0.0
6248,0.0
6249,0.0
6250,0.0
6251,0.0
6252,0.0
6253,0.0
6254,0.0
6255,0.0
6256,0.0
6257,0.0
6258,0.0
6259,0.0
6260,0.0
6261,0.0
6262,0.0
6263,0.0
6264,0.0
6265,0.0
6266,0.0
6267,0.0
6268,0.0
6269,0.0
6270,0.0
6271,0.0
6272,0.0
6273,0.0
6274,0.0
6275,0.0
6276,0.0
6277,0.0
6278,0.0
6279,0.0
6280,0.0
6281,0.0
6282,0.0
6283,0.0
6284,0.0
6285,0.0
6286,0.0
6287,0.0
6288,0.0
6289,0.0
6290,0.0
6291,0.0
6292,0.0
6293,0.0
6294,0.0
6295,0.0
6296,0.0
6297,0.0
6298,0.0
6299,0.0
6300,0.0
6301,0.0
6302,0.0
6303,0.0
6304,0.0
6305,0.0
6306,0.0
6307,0.0
6308,0.0
6309,0.0
6310,0.0
6311,0.0
6312,0.0
6313,0.0
6314,0.0
6315,0.0
6316,0.0
6317,0.0
6318,0.0
6319,0.0
6320,0.0
6321,0.0
6322,0.0
6323,0.0
6324,0.0
6325,0.0
6326,0.0
6327,0.0
6328,0.0
6329,0.0
6330,0.0
6331,0.0
6332,0.0
6333,0.0
6334,0.0
6335,0.0
6336,0.0
6337,0.0
6338,0.0
6339,0.0
6340,0.0
6341,0.0
6342,0.0
6343,0.0
6344,0.0
6345,0.0
6346,0.0
6347,0.0
6348,0.0
6349,0.0
6350,0.0
6351,0.0
6352,0.0
6353,0.0
6354,0.0
6355,0.0
6356,0.0
6357,0.0
6358,0.0
6359,0.0
6360,0.0
6361,0.0
6362,0.0
6363,0.0
6364,0.0
6365,0.0
6366,0.0
6367,0.0
6368,0.0
6369,0.0
6370,0.0
6371,0.0
6372,0.0
6373,0.0
6374,0.0
6375,0.0
6376,0.0
6377,0.0
6378,0.0
6379,0.0
6380,0.0
6381,0.0
6382,0.0
6383,0.0
6384,0.0
6385,0.0
6386,0.0
6387,0.0
6388,0.0
6389,0.0
6390,0.0
6391,0.0
6392,0.0
6393,0.0
6394,0.0
6395,0.0
6396,0.0
6397,0.0
6398,0.0
6399,0.0
6400,0.0
6401,0.0
6402,0.0
6403,0.0
6404,0.0
6405,0.0
6406,0.0
6407,0.0
6408,0.0
6409,0.0
6410,0.0
6411,0.0
6412,0.0
6413,0.0
6414,0.0
6415,0.0
6416,0.0
6417,0.0
6418,0.0
6419,0.0
6420,0.0
6421,0.0
6422,0.0
6423,0.0
6424,0.0
6425,0.0
6426,0.0
6427,0.0
6428,0.0
6429,0.0
6430,0.0
6431,0.0
6432,0.0
6433,0.0
6434,0.0
6435,0.0
6436,0.0
6437,0.0
6438,0.0
6439,0.0
6440,0.0
6441,0.0
6442,0.0
6443,0.0
6444,0.0
6445,0.0
6446,0.0
6447,0.0
6448,0.0
6449,0.0
6450,0.0
6451,0.0
6452,0.0
6453,0.0
6454,0.0
6455,0.0
6456,0.0
6457,0.0
6458,0.0
6459,0.0
6460,0.0
6461,0.0
6462,0.0
6463,0.0
6464,0.0
6465,0.0
6466,0.0
6467,0.0
6468,0.0
6469,0.0
6470,0.0
6471,0.0
6472,0.0
6473,0.0
6474,0.0
6475,0.0
6476,0.0
6477,0.0
6478,0.0
6479,0.0
6480,0.0
6481,0.0
6482,0.0
6483,0.0
6484,0.0
6485,0.0
6486,0.0
6487,0.0
6488,0.0
6489,0.0
6490,0.0
6491,0.0
6492,0.0
6493,0.0
6494,0.0
6495,0.0
6496,0.0
6497,0.0
6498,0.0
6499,0.0
6500,0.0
6501,0.0
6502,0.0
6503,0.0
6504,0.0
6505,0.0
6506,0.0
6507,0.0
6508,0.0
6509,0.0
6510,0.0
6511,0.0
6512,0.0
6513,0.0
6514,0.0
6515,0.0
6516,0.0
6517,0.0
6518,0.0
6519,0.0
6520,0.0
6521,0.0
6522,0.0
6523,0.0
6524,0.0
6525,0.0
6526,0.0
6527,0.0
6528,0.0
6529,0.0
6530,0.0
6531,0.0
6532,0.0
6533,0.0
6534,0.0
6535,0.0
6536,0.0
6537,0.0
6538,0.0
6539,0.0
6540,0.0
6541,0.0
6542,0.0
6543,0.0
6544,0.0
6545,0.0
6546,0.0
6547,0.0
6548,0.0
6549,0.0
6550,0.0
6551,0.0
6552,0.0
6553,0.0
6554,0.0
6555,0.0
6556,0.0
6557,0.0
6558,0.0
6559,0.0
6560,0.0
6561,0.0
6562,0.0
6563,0.0
6564,0.0
6565,0.0
6566,0.0
6567,0.0
6568,0.0
6569,0.0
6570,0.0
6571,0.0
6572,0.0
6573,0.0
6574,0.0
6575,0.0
6576,0.0
6577,0.0
6578,0.0
6579,0.0
6580,0.0
6581,0.0
6582,0.0
6583,0.0
6584,0.0
6585,0.0
6586,0.0
6587,0.0
6588,0.0
6589,0.0
6590,0.0
6591,0.0
6592,0.0
6593,0.0
6594,0.0
6595,0.0
6596,0.0
6597,0.0
6598,0.0
6599,0.0
6600,0.0
6601,0.0
6602,0.0
6603,0.0
6604,0.0
6605,0.0
6606,0.0
6607,0.0
6608,0.0
6609,0.0
6610,0.0
6611,0.0
6612,0.0
6613,0.0
6614,0.0
6615,0.0
6616,0.0
6617,0.0
6618,0.0
6619,0.0
6620,0.0
6621,0.0
6622,0.0
6623,0.0
6624,0.0
6625,0.0
6626,0.0
6627,0.0
6628,0.0
6629,0.0
6630,0.0
6631,0.0
6632,0.0
6633,0.0
6634,0.0
6635,0.0
6636,0.0
6637,0.0
6638,0.0
6639,0.0
6640,0.0
6641,0.0
6642,0.0
6643,0.0
6644,0.0
6645,0.0
6646,0.0
6647,0.0
6648,0.0
6649,0.0
6650,0.0
6651,0.0
6652,0.0
6653,0.0
6654,0.0
6655,0.0
6656,0.0
6657,0.0
6658,0.0
6659,0.0
6660,0.0
6661,0.0
6662,0.0
6663,0.0
6664,0.0
6665,0.0
6666,0.0
6667,0.0
6668,0.0
6669,0.0
6670,0.0
6671,0.0
6672,0.0
6673,0.0
6674,0.0
6675,0.0
6676,0.0
6677,0.0
6678,0.0
6679,0.0
6680,0.0
6681,0.0
6682,0.0
6683,0.0
6684,0.0
6685,0.0
6686,0.0
6687,0.0
6688,0.0
6689,0.0
6690,0.0
6691,0.0
6692,0.0
6693,0.0
6694,0.0
6695,0.0
6696,0.0
6697,0.0
6698,0.0
6699,0.0
6700,0.0
6701,0.0
6702,0.0
6703,0.0
6704,0.0
6705,0.0
6706,0.0
6707,0.0
6708,0.0
6709,0.0
6710,0.0
6711,0.0
6712,0.0
6713,0.0
6714,0.0
6715,0.0
6716,0.0
6717,0.0
6718,0.0
6719,0.0
6720,0.0
6721,0.0
6722,0.0
6723,0.0
6724,0.0
6725,0.0
6726,0.0
6727,0.0
6728,0.0
6729,0.0
6730,0.0
6731,0.0
6732,0.0
6733,0.0
6734,0.0
6735,0.0
6736,0.0
6737,0.0
6738,0.0
6739,0.0
6740,0.0
6741,0.0
6742,0.0
6743,0.0
6744,0.0
6745,0.0
6746,0.0
6747,0.0
6748,0.0
6749,0.0
6750,0.0
6751,0.0
6752,0.0
6753,0.0
6754,0.0
6755,0.0
6756,0.0
6757,0.0
6758,0.0
6759,0.0
6760,0.0
6761,0.0
6762,0.0
6763,0.0
6764,0.0
6765,0.0
6766,0.0
6767,0.0
6768,0.0
6769,0.0
6770,0.0
6771,0.0
6772,0.0
6773,0.0
6774,0.0
6775,0.0
6776,0.0
6777,0.0
6778,0.0
6779,0.0
6780,0.0
6781,0.0
6782,0.0
6783,0.0
6784,0.0
6785,0.0
6786,0.0
6787,0.0
6788,0.0
6789,0.0
6790,0.0
6791,0.0
6792,0.0
6793,0.0
6794,0.0
6795,0.0
6796,0.0
6797,0.0
6798,0.0
6799,0.0
6800,0.0
6801,0.0
6802,0.0
6803,0.0
6804,0.0
6805,0.0
6806,0.0
6807,0.0
6808,0.0
6809,0.0
6810,0.0
6811,0.0
6812,0.0
6813,0.0
6814,0.0
6815,0.0
6816,0.0
6817,0.0
6818,0.0
6819,0.0
6820,0.0
6821,0.0
6822,0.0
6823,0.0
6824,0.0
6825,0.0
6826,0.0
6827,0.0
6828,0.0
6829,0.0
6830,0.0
6831,0.0
6832,0.0
6833,0.0
6834,0.0
6835,0.0
6836,0.0
6837,0.0
6838,0.0
6839,0.0
6840,0.0
6841,0.0
6842,0.0
6843,0.0
6844,0.0
6845,0.0
6846,0.0
6847,0.0
6848,0.0
6849,0.0
6850,0.0
6851,0.0
6852,0.0
6853,0.0
6854,0.0
6855,0.0
6856,0.0
6857,0.0
6858,0.0
6859,0.0
6860,0.0
6861,0.0
6862,0.0
6863,0.0
6864,0.0
6865,0.0
6866,0.0
6867,0.0
6868,0.0
6869,0.0
6870,0.0
6871,0.0
6872,0.0
6873,0.0
6874,0.0
6875,0.0
6876,0.0
6877,0.0
6878,0.0
6879,0.0
6880,0.0
6881,0.0
6882,0.0
6883,0.0
6884,0.0
6885,0.0
6886,0.0
6887,0.0
6888,0.0
6889,0.0
6890,0.0
6891,0.0
6892,0.0
6893,0.0
6894,0.0
6895,0.0
6896,0.0
6897,0.0
6898,0.0
6899,0.0
6900,0.0
6901,0.0
6902,0.0
6903,0.0
6904,0.0
6905,0.0
6906,0.0
6907,0.0
6908,0.0
6909,0.0
6910,0.0
6911,0.0
6912,0.0
6913,0.0
6914,0.0
6915,0.0
6916,0.0
6917,0.0
6918,0.0
6919,0.0
6920,0.0
6921,0.0
6922,0.0
6923,0.0
6924,0.0
6925,0.0
6926,0.0
6927,0.0
6928,0.0
6929,0.0
6930,0.0
6931,0.0
6932,0.0
6933,0.0
6934,0.0
6935,0.0
6936,0.0
6937,0.0
6938,0.0
6939,0.0
6940,0.0
6941,0.0
6942,0.0
6943,0.0
6944,0.0
6945,0.0
6946,0.0
6947,0.0
6948,0.0
6949,0.0
6950,0.0
6951,0.0
6952,0.0
6953,0.0
6954,0.0
6955,0.0
6956,0.0
6957,0.0
6958,0.0
6959,0.0
6960,0.0
6961,0.0
6962,0.0
6963,0.0
6964,0.0
6965,0.0
6966,0.0
6967,0.0
6968,0.0
6969,0.0
6970,0.0
6971,0.0
6972,0.0
6973,0.0
6974,0.0
6975,0.0
6976,0.0
6977,0.0
6978,0.0
6979,0.0
6980,0.0
6981,0.0
6982,0.0
6983,0.0
6984,0.0
6985,0.0
6986,0.0
6987,0.0
6988,0.0
6989,0.0
6990,0.0
6991,0.0
6992,0.0
6993,0.0
6994,0.0
6995,0.0
6996,0.0
6997,0.0
6998,0.0
6999,0.0
7000,0.0
7001,0.0
7002,0.0
7003,0.0
7004,0.0
7005,0.0
7006,0.0
7007,0.0
7008,0.0
7009,0.0
7010,0.0
7011,0.0
7012,0.0
7013,0.0
7014,0.0
7015,0.0
7016,0.0
7017,0.0
7018,0.0
7019,0.0
7020,0.0
7021,0.0
7022,0.0
7023,0.0
7024,0.0
7025,0.0
7026,0.0
7027,0.0
7028,0.0
7029,0.0
7030,0.0
7031,0.0
7032,0.0
7033,0.0
7034,0.0
7035,0.0
7036,0.0
7037,0.0
7038,0.0
7039,0.0
7040,0.0
7041,0.0
7042,0.0
7043,0.0
7044,0.0
7045,0.0
7046,0.0
7047,0.0
7048,0.0
7049,0.0
7050,0.0
7051,0.0
7052,0.0
7053,0.0
7054,0.0
7055,0.0
7056,0.0
7057,0.0
7058,0.0
7059,0.0
7060,0.0
7061,0.0
7062,0.0
7063,0.0
7064,0.0
7065,0.0
7066,0.0
7067,0.0
7068,0.0
7069,0.0
7070,0.0
7071,0.0
7072,0.0
7073,0.0
7074,0.0
7075,0.0
7076,0.0
7077,0.0
7078,0.0
7079,0.0
7080,0.0
7081,0.0
7082,0.0
7083,0.0
7084,0.0
7085,0.0
7086,0.0
7087,0.0
7088,0.0
7089,0.0
7090,0.0
7091,0.0
7092,0.0
7093,0.0
7094,0.0
7095,0.0
7096,0.0
7097,0.0
7098,0.0
7099,0.0
7100,0.0
7101,0.0
7102,0.0
7103,0.0
7104,0.0
7105,0.0
7106,0.0
7107,0.0
7108,0.0
7109,0.0
7110,0.0
7111,0.0
7112,0.0
7113,0.0
7114,0.0
7115,0.0
7116,0.0
7117,0.0
7118,0.0
7119,0.0
7120,0.0
7121,0.0
7122,0.0
7123,0.0
7124,0.0
7125,0.0
7126,0.0
7127,0.0
7128,0.0
7129,0.0
7130,0.0
7131,0.0
7132,0.0
7133,0.0
7134,0.0
7135,0.0
7136,0.0
7137,0.0
7138,0.0
7139,0.0
7140,0.0
7141,0.0
7142,0.0
7143,0.0
7144,0.0
7145,0.0
7146,0.0
7147,0.0
7148,0.0
7149,0.0
7150,0.0
7151,0.0
7152,0.0
7153,0.0
7154,0.0
7155,0.0
7156,0.0
7157,0.0
7158,0.0
7159,0.0
7160,0.0
7161,0.0
7162,0.0
7163,0.0
7164,0.0
7165,0.0
7166,0.0
7167,0.0
7168,0.0
7169,0.0
7170,0.0
7171,0.0
7172,0.0
7173,0.0
7174,0.0
7175,0.0
7176,0.0
7177,0.0
7178,0.0
7179,0.0
7180,0.0
7181,0.0
7182,0.0
7183,0.0
7184,0.0
7185,0.0
7186,0.0
7187,0.0
7188,0.0
7189,0.0
7190,0.0
7191,0.0
7192,0.0
7193,0.0
7194,0.0
7195,0.0
7196,0.0
7197,0.0
7198,0.0
7199,0.0
7200,0.0
7201,0.0
7202,0.0
7203,0.0
7204,0.0
7205,0.0
7206,0.0
7207,0.0
7208,0.0
7209,0.0
7210,0.0
7211,0.0
7212,0.0
7213,0.0
7214,0.0
7215,0.0
7216,0.0
7217,0.0
7218,0.0
7219,0.0
7220,0.0
7221,0.0
7222,0.0
7223,0.0
7224,0.0
7225,0.0
7226,0.0
7227,0.0
7228,0.0
7229,0.0
7230,0.0
7231,0.0
7232,0.0
7233,0.0
7234,0.0
7235,0.0
7236,0.0
7237,0.0
7238,0.0
7239,0.0
7240,0.0
7241,0.0
7242,0.0
7243,0.0
7244,0.0
7245,0.0
7246,0.0
7247,0.0
7248,0.0
7249,0.0
7250,0.0
7251,0.0
7252,0.0
7253,0.0
7254,0.0
7255,0.0
7256,0.0
7257,0.0
7258,0.0
7259,0.0
7260,0.0
7261,0.0
7262,0.0
7263,0.0
7264,0.0
7265,0.0
7266,0.0
7267,0.0
7268,0.0
7269,0.0
7270,0.0
7271,0.0
7272,0.0
7273,0.0
7274,0.0
7275,0.0
7276,0.0
7277,0.0
7278,0.0
7279,0.0
7280,0.0
7281,0.0
7282,0.0
7283,0.0
7284,0.0
7285,0.0
7286,0.0
7287,0.0
7288,0.0
7289,0.0
7290,0.0
7291,0.0
7292,0.0
7293,0.0
7294,0.0
7295,0.0
7296,0.0
7297,0.0
7298,0.0
7299,0.0
7300,0.0
7301,0.0
7302,0.0
7303,0.0
7304,0.0
7305,0.0
7306,0.0
7307,0.0
7308,0.0
7309,0.0
7310,0.0
7311,0.0
7312,0.0
7313,0.0
7314,0.0
7315,0.0
7316,0.0
7317,0.0
7318,0.0
7319,0.0
7320,0.0
7321,0.0
7322,0.0
7323,0.0
7324,0.0
7325,0.0
7326,0.0
7327,0.0
7328,0.0
7329,0.0
7330,0.0
7331,0.0
7332,0.0
7333,0.0
7334,0.0
7335,0.0
7336,0.0
7337,0.0
7338,0.0
7339,0.0
7340,0.0
7341,0.0
7342,0.0
7343,0.0
7344,0.0
7345,0.0
7346,0.0
7347,0.0
7348,0.0
7349,0.0
7350,0.0
7351,0.0
7352,0.0
7353,0.0
7354,0.0
7355,0.0
7356,0.0
7357,0.0
7358,0.0
7359,0.0
7360,0.0
7361,0.0
7362,0.0
7363,0.0
7364,0.0
7365,0.0
7366,0.0
7367,0.0
7368,0.0
7369,0.0
7370,0.0
7371,0.0
7372,0.0
7373,0.0
7374,0.0
7375,0.0
7376,0.0
7377,0.0
7378,0.0
7379,0.0
7380,0.0
7381,0.0
7382,0.0
7383,0.0
7384,0.0
7385,0.0
7386,0.0
7387,0.0
7388,0.0
7389,0.0
7390,0.0
7391,0.0
7392,0.0
7393,0.0
7394,0.0
7395,0.0
7396,0.0
7397,0.0
7398,0.0
